<?xml version="1.0" encoding="UTF-8" standalone="yes"?><aggiornamentoOri><daInserire xmlns:xsi="http://www.w3.org/2001/XMLSchema-instance" xsi:type="processoOri"><cliente>ITKINA</cliente><codChimica>CHIMICA_INTERNA</codChimica><codCompPeso>76_43770.86_18943.87_18951.84_30223</codCompPeso><codProdotto>NAM10</codProdotto><codSacco></codSacco><dtProduzione>2020-11-23T11:00:56+01:00</dtProduzione><idProcesso>139563</idProcesso><pesoRealeSacco>30236</pesoRealeSacco></daInserire><daInserire xmlns:xsi="http://www.w3.org/2001/XMLSchema-instance" xsi:type="processoOri"><cliente>ITKINA</cliente><codChimica>CHIMICA_INTERNA</codChimica><codCompPeso>76_43770.86_18943.87_18951.84_30223</codCompPeso><codProdotto>NAM10</codProdotto><codSacco></codSacco><dtProduzione>2020-11-23T11:01:53+01:00</dtProduzione><idProcesso>139564</idProcesso><pesoRealeSacco>30652</pesoRealeSacco></daInserire><daInserire xmlns:xsi="http://www.w3.org/2001/XMLSchema-instance" xsi:type="processoOri"><cliente>ITKINA</cliente><codChimica>CHIMICA_INTERNA</codChimica><codCompPeso>76_43770.86_18943.87_18951.84_30223</codCompPeso><codProdotto>NAM10</codProdotto><codSacco></codSacco><dtProduzione>2020-11-23T11:02:38+01:00</dtProduzione><idProcesso>139565</idProcesso><pesoRealeSacco>30014</pesoRealeSacco></daInserire><daInserire xmlns:xsi="http://www.w3.org/2001/XMLSchema-instance" xsi:type="processoOri"><cliente>ITKINA</cliente><codChimica>CHIMICA_INTERNA</codChimica><codCompPeso>76_43770.86_18943.87_18951.84_30223</codCompPeso><codProdotto>NAM10</codProdotto><codSacco></codSacco><dtProduzione>2020-11-23T11:03:53+01:00</dtProduzione><idProcesso>139566</idProcesso><pesoRealeSacco>22814</pesoRealeSacco></daInserire><daInserire xmlns:xsi="http://www.w3.org/2001/XMLSchema-instance" xsi:type="processoOri"><cliente>ITKINA</cliente><codChimica>CHIMICA_INTERNA</codChimica><codCompPeso>76_43996.86_18984.87_18884.84_30251</codCompPeso><codProdotto>NAM10</codProdotto><codSacco></codSacco><dtProduzione>2020-11-23T11:17:27+01:00</dtProduzione><idProcesso>139567</idProcesso><pesoRealeSacco>8721</pesoRealeSacco></daInserire><daInserire xmlns:xsi="http://www.w3.org/2001/XMLSchema-instance" xsi:type="processoOri"><cliente>ITKINA</cliente><codChimica>CHIMICA_INTERNA</codChimica><codCompPeso>76_43996.86_18984.87_18884.84_30251</codCompPeso><codProdotto>NAM10</codProdotto><codSacco></codSacco><dtProduzione>2020-11-23T11:18:00+01:00</dtProduzione><idProcesso>139568</idProcesso><pesoRealeSacco>30296</pesoRealeSacco></daInserire><daInserire xmlns:xsi="http://www.w3.org/2001/XMLSchema-instance" xsi:type="processoOri"><cliente>ITKINA</cliente><codChimica>CHIMICA_INTERNA</codChimica><codCompPeso>76_43996.86_18984.87_18884.84_30251</codCompPeso><codProdotto>NAM10</codProdotto><codSacco></codSacco><dtProduzione>2020-11-23T11:18:35+01:00</dtProduzione><idProcesso>139569</idProcesso><pesoRealeSacco>30476</pesoRealeSacco></daInserire><daInserire xmlns:xsi="http://www.w3.org/2001/XMLSchema-instance" xsi:type="processoOri"><cliente>ITKINA</cliente><codChimica>CHIMICA_INTERNA</codChimica><codCompPeso>76_43996.86_18984.87_18884.84_30251</codCompPeso><codProdotto>NAM10</codProdotto><codSacco></codSacco><dtProduzione>2020-11-23T11:19:11+01:00</dtProduzione><idProcesso>139570</idProcesso><pesoRealeSacco>31395</pesoRealeSacco></daInserire><daInserire xmlns:xsi="http://www.w3.org/2001/XMLSchema-instance" xsi:type="processoOri"><cliente>ITKINA</cliente><codChimica>CHIMICA_INTERNA</codChimica><codCompPeso>76_43449.86_19150.87_18896.84_30195</codCompPeso><codProdotto>NAM10</codProdotto><codSacco></codSacco><dtProduzione>2020-11-23T11:21:26+01:00</dtProduzione><idProcesso>139571</idProcesso><pesoRealeSacco>30664</pesoRealeSacco></daInserire><daInserire xmlns:xsi="http://www.w3.org/2001/XMLSchema-instance" xsi:type="processoOri"><cliente>ITKINA</cliente><codChimica>CHIMICA_INTERNA</codChimica><codCompPeso>76_43449.86_19150.87_18896.84_30195</codCompPeso><codProdotto>NAM10</codProdotto><codSacco></codSacco><dtProduzione>2020-11-23T11:22:00+01:00</dtProduzione><idProcesso>139572</idProcesso><pesoRealeSacco>30680</pesoRealeSacco></daInserire><daInserire xmlns:xsi="http://www.w3.org/2001/XMLSchema-instance" xsi:type="processoOri"><cliente>ITKINA</cliente><codChimica>CHIMICA_INTERNA</codChimica><codCompPeso>76_43449.86_19150.87_18896.84_30195</codCompPeso><codProdotto>NAM10</codProdotto><codSacco></codSacco><dtProduzione>2020-11-23T11:22:39+01:00</dtProduzione><idProcesso>139573</idProcesso><pesoRealeSacco>30756</pesoRealeSacco></daInserire><daInserire xmlns:xsi="http://www.w3.org/2001/XMLSchema-instance" xsi:type="processoOri"><cliente>ITKINA</cliente><codChimica>CHIMICA_INTERNA</codChimica><codCompPeso>76_43449.86_19150.87_18896.84_30195</codCompPeso><codProdotto>NAM10</codProdotto><codSacco></codSacco><dtProduzione>2020-11-23T11:23:15+01:00</dtProduzione><idProcesso>139574</idProcesso><pesoRealeSacco>29471</pesoRealeSacco></daInserire><daInserire xmlns:xsi="http://www.w3.org/2001/XMLSchema-instance" xsi:type="processoOri"><cliente>ITKINA</cliente><codChimica>CHIMICA_INTERNA</codChimica><codCompPeso>76_43915.86_18974.87_18964.84_30112</codCompPeso><codProdotto>NAM10</codProdotto><codSacco></codSacco><dtProduzione>2020-11-23T11:48:21+01:00</dtProduzione><idProcesso>139575</idProcesso><pesoRealeSacco>30359</pesoRealeSacco></daInserire><daInserire xmlns:xsi="http://www.w3.org/2001/XMLSchema-instance" xsi:type="processoOri"><cliente>ITKINA</cliente><codChimica>CHIMICA_INTERNA</codChimica><codCompPeso>76_43915.86_18974.87_18964.84_30112</codCompPeso><codProdotto>NAM10</codProdotto><codSacco></codSacco><dtProduzione>2020-11-23T11:48:51+01:00</dtProduzione><idProcesso>139576</idProcesso><pesoRealeSacco>28814</pesoRealeSacco></daInserire><daInserire xmlns:xsi="http://www.w3.org/2001/XMLSchema-instance" xsi:type="processoOri"><cliente>ITKINA</cliente><codChimica>CHIMICA_INTERNA</codChimica><codCompPeso>76_43915.86_18974.87_18964.84_30112</codCompPeso><codProdotto>NAM10</codProdotto><codSacco></codSacco><dtProduzione>2020-11-23T11:49:27+01:00</dtProduzione><idProcesso>139577</idProcesso><pesoRealeSacco>28080</pesoRealeSacco></daInserire><daInserire xmlns:xsi="http://www.w3.org/2001/XMLSchema-instance" xsi:type="processoOri"><cliente>ITKINA</cliente><codChimica>CHIMICA_INTERNA</codChimica><codCompPeso>76_43915.86_18974.87_18964.84_30112</codCompPeso><codProdotto>NAM10</codProdotto><codSacco></codSacco><dtProduzione>2020-11-23T11:50:07+01:00</dtProduzione><idProcesso>139578</idProcesso><pesoRealeSacco>28699</pesoRealeSacco></daInserire><daInserire xmlns:xsi="http://www.w3.org/2001/XMLSchema-instance" xsi:type="processoOri"><cliente>ITKINA</cliente><codChimica>CHIMICA_INTERNA</codChimica><codCompPeso>76_43978.86_19013.87_18911.84_30363</codCompPeso><codProdotto>NAM10</codProdotto><codSacco></codSacco><dtProduzione>2020-11-23T11:55:51+01:00</dtProduzione><idProcesso>139579</idProcesso><pesoRealeSacco>28700</pesoRealeSacco></daInserire><daInserire xmlns:xsi="http://www.w3.org/2001/XMLSchema-instance" xsi:type="processoOri"><cliente>ITKINA</cliente><codChimica>CHIMICA_INTERNA</codChimica><codCompPeso>76_43978.86_19013.87_18911.84_30363</codCompPeso><codProdotto>NAM10</codProdotto><codSacco></codSacco><dtProduzione>2020-11-23T11:56:22+01:00</dtProduzione><idProcesso>139580</idProcesso><pesoRealeSacco>28272</pesoRealeSacco></daInserire><daInserire xmlns:xsi="http://www.w3.org/2001/XMLSchema-instance" xsi:type="processoOri"><cliente>ITKINA</cliente><codChimica>CHIMICA_INTERNA</codChimica><codCompPeso>76_43978.86_19013.87_18911.84_30363</codCompPeso><codProdotto>NAM10</codProdotto><codSacco></codSacco><dtProduzione>2020-11-23T11:56:56+01:00</dtProduzione><idProcesso>139581</idProcesso><pesoRealeSacco>28206</pesoRealeSacco></daInserire><daInserire xmlns:xsi="http://www.w3.org/2001/XMLSchema-instance" xsi:type="processoOri"><cliente>ITKINA</cliente><codChimica>CHIMICA_INTERNA</codChimica><codCompPeso>76_43978.86_19013.87_18911.84_30363</codCompPeso><codProdotto>NAM10</codProdotto><codSacco></codSacco><dtProduzione>2020-11-23T11:57:31+01:00</dtProduzione><idProcesso>139582</idProcesso><pesoRealeSacco>29145</pesoRealeSacco></daInserire><daInserire xmlns:xsi="http://www.w3.org/2001/XMLSchema-instance" xsi:type="processoOri"><cliente>ITKINA</cliente><codChimica>CHIMICA_INTERNA</codChimica><codCompPeso>76_43212.86_18843.87_18893.84_30152</codCompPeso><codProdotto>NAM10</codProdotto><codSacco></codSacco><dtProduzione>2020-11-23T12:01:54+01:00</dtProduzione><idProcesso>139583</idProcesso><pesoRealeSacco>28767</pesoRealeSacco></daInserire><daInserire xmlns:xsi="http://www.w3.org/2001/XMLSchema-instance" xsi:type="processoOri"><cliente>ITKINA</cliente><codChimica>CHIMICA_INTERNA</codChimica><codCompPeso>76_43212.86_18843.87_18893.84_30152</codCompPeso><codProdotto>NAM10</codProdotto><codSacco></codSacco><dtProduzione>2020-11-23T12:02:26+01:00</dtProduzione><idProcesso>139584</idProcesso><pesoRealeSacco>28992</pesoRealeSacco></daInserire><daInserire xmlns:xsi="http://www.w3.org/2001/XMLSchema-instance" xsi:type="processoOri"><cliente>ITKINA</cliente><codChimica>CHIMICA_INTERNA</codChimica><codCompPeso>76_43212.86_18843.87_18893.84_30152</codCompPeso><codProdotto>NAM10</codProdotto><codSacco></codSacco><dtProduzione>2020-11-23T12:02:58+01:00</dtProduzione><idProcesso>139585</idProcesso><pesoRealeSacco>28471</pesoRealeSacco></daInserire><daInserire xmlns:xsi="http://www.w3.org/2001/XMLSchema-instance" xsi:type="processoOri"><cliente>ITKINA</cliente><codChimica>CHIMICA_INTERNA</codChimica><codCompPeso>76_43212.86_18843.87_18893.84_30152</codCompPeso><codProdotto>NAM10</codProdotto><codSacco></codSacco><dtProduzione>2020-11-23T12:03:33+01:00</dtProduzione><idProcesso>139586</idProcesso><pesoRealeSacco>28585</pesoRealeSacco></daInserire><daInserire xmlns:xsi="http://www.w3.org/2001/XMLSchema-instance" xsi:type="processoOri"><cliente>ITKINA</cliente><codChimica>CHIMICA_INTERNA</codChimica><codCompPeso>76_44127.86_19251.87_18915.84_30292</codCompPeso><codProdotto>NAM10</codProdotto><codSacco></codSacco><dtProduzione>2020-11-23T12:05:43+01:00</dtProduzione><idProcesso>139587</idProcesso><pesoRealeSacco>28945</pesoRealeSacco></daInserire><daInserire xmlns:xsi="http://www.w3.org/2001/XMLSchema-instance" xsi:type="processoOri"><cliente>ITKINA</cliente><codChimica>CHIMICA_INTERNA</codChimica><codCompPeso>76_44127.86_19251.87_18915.84_30292</codCompPeso><codProdotto>NAM10</codProdotto><codSacco></codSacco><dtProduzione>2020-11-23T12:06:14+01:00</dtProduzione><idProcesso>139588</idProcesso><pesoRealeSacco>29778</pesoRealeSacco></daInserire><daInserire xmlns:xsi="http://www.w3.org/2001/XMLSchema-instance" xsi:type="processoOri"><cliente>ITKINA</cliente><codChimica>CHIMICA_INTERNA</codChimica><codCompPeso>76_44127.86_19251.87_18915.84_30292</codCompPeso><codProdotto>NAM10</codProdotto><codSacco></codSacco><dtProduzione>2020-11-23T12:06:49+01:00</dtProduzione><idProcesso>139589</idProcesso><pesoRealeSacco>28993</pesoRealeSacco></daInserire><daInserire xmlns:xsi="http://www.w3.org/2001/XMLSchema-instance" xsi:type="processoOri"><cliente>ITKINA</cliente><codChimica>CHIMICA_INTERNA</codChimica><codCompPeso>76_44127.86_19251.87_18915.84_30292</codCompPeso><codProdotto>NAM10</codProdotto><codSacco></codSacco><dtProduzione>2020-11-23T12:07:25+01:00</dtProduzione><idProcesso>139590</idProcesso><pesoRealeSacco>28829</pesoRealeSacco></daInserire><daInserire xmlns:xsi="http://www.w3.org/2001/XMLSchema-instance" xsi:type="processoOri"><cliente>ITKINA</cliente><codChimica>CHIMICA_INTERNA</codChimica><codCompPeso>76_43556.86_18912.87_18919.84_30266</codCompPeso><codProdotto>NAM10</codProdotto><codSacco></codSacco><dtProduzione>2020-11-23T12:39:28+01:00</dtProduzione><idProcesso>139591</idProcesso><pesoRealeSacco>28026</pesoRealeSacco></daInserire><daInserire xmlns:xsi="http://www.w3.org/2001/XMLSchema-instance" xsi:type="processoOri"><cliente>ITKINA</cliente><codChimica>CHIMICA_INTERNA</codChimica><codCompPeso>76_43556.86_18912.87_18919.84_30266</codCompPeso><codProdotto>NAM10</codProdotto><codSacco></codSacco><dtProduzione>2020-11-23T12:39:59+01:00</dtProduzione><idProcesso>139592</idProcesso><pesoRealeSacco>29307</pesoRealeSacco></daInserire><daInserire xmlns:xsi="http://www.w3.org/2001/XMLSchema-instance" xsi:type="processoOri"><cliente>ITKINA</cliente><codChimica>CHIMICA_INTERNA</codChimica><codCompPeso>76_43556.86_18912.87_18919.84_30266</codCompPeso><codProdotto>NAM10</codProdotto><codSacco></codSacco><dtProduzione>2020-11-23T12:40:35+01:00</dtProduzione><idProcesso>139593</idProcesso><pesoRealeSacco>28643</pesoRealeSacco></daInserire><daInserire xmlns:xsi="http://www.w3.org/2001/XMLSchema-instance" xsi:type="processoOri"><cliente>ITKINA</cliente><codChimica>CHIMICA_INTERNA</codChimica><codCompPeso>76_43556.86_18912.87_18919.84_30266</codCompPeso><codProdotto>NAM10</codProdotto><codSacco></codSacco><dtProduzione>2020-11-23T12:41:10+01:00</dtProduzione><idProcesso>139594</idProcesso><pesoRealeSacco>28544</pesoRealeSacco></daInserire><daInserire xmlns:xsi="http://www.w3.org/2001/XMLSchema-instance" xsi:type="processoOri"><cliente>ITKINA</cliente><codChimica>CHIMICA_INTERNA</codChimica><codCompPeso>76_43256.86_19085.87_18551.84_30087</codCompPeso><codProdotto>NAM10</codProdotto><codSacco></codSacco><dtProduzione>2020-11-23T12:46:13+01:00</dtProduzione><idProcesso>139595</idProcesso><pesoRealeSacco>27649</pesoRealeSacco></daInserire><daInserire xmlns:xsi="http://www.w3.org/2001/XMLSchema-instance" xsi:type="processoOri"><cliente>ITKINA</cliente><codChimica>CHIMICA_INTERNA</codChimica><codCompPeso>76_43256.86_19085.87_18551.84_30087</codCompPeso><codProdotto>NAM10</codProdotto><codSacco></codSacco><dtProduzione>2020-11-23T12:46:43+01:00</dtProduzione><idProcesso>139596</idProcesso><pesoRealeSacco>29896</pesoRealeSacco></daInserire><daInserire xmlns:xsi="http://www.w3.org/2001/XMLSchema-instance" xsi:type="processoOri"><cliente>ITKINA</cliente><codChimica>CHIMICA_INTERNA</codChimica><codCompPeso>76_43256.86_19085.87_18551.84_30087</codCompPeso><codProdotto>NAM10</codProdotto><codSacco></codSacco><dtProduzione>2020-11-23T12:47:21+01:00</dtProduzione><idProcesso>139597</idProcesso><pesoRealeSacco>29408</pesoRealeSacco></daInserire><daInserire xmlns:xsi="http://www.w3.org/2001/XMLSchema-instance" xsi:type="processoOri"><cliente>ITKINA</cliente><codChimica>CHIMICA_INTERNA</codChimica><codCompPeso>76_43256.86_19085.87_18551.84_30087</codCompPeso><codProdotto>NAM10</codProdotto><codSacco></codSacco><dtProduzione>2020-11-23T12:48:02+01:00</dtProduzione><idProcesso>139598</idProcesso><pesoRealeSacco>28458</pesoRealeSacco></daInserire><daInserire xmlns:xsi="http://www.w3.org/2001/XMLSchema-instance" xsi:type="processoOri"><cliente>ITKINA</cliente><codChimica>CHIMICA_INTERNA</codChimica><codCompPeso>76_43508.86_19109.87_18871.84_30298</codCompPeso><codProdotto>NAM10</codProdotto><codSacco></codSacco><dtProduzione>2020-11-23T12:58:47+01:00</dtProduzione><idProcesso>139599</idProcesso><pesoRealeSacco>28125</pesoRealeSacco></daInserire><daInserire xmlns:xsi="http://www.w3.org/2001/XMLSchema-instance" xsi:type="processoOri"><cliente>ITKINA</cliente><codChimica>CHIMICA_INTERNA</codChimica><codCompPeso>76_43508.86_19109.87_18871.84_30298</codCompPeso><codProdotto>NAM10</codProdotto><codSacco></codSacco><dtProduzione>2020-11-23T12:59:17+01:00</dtProduzione><idProcesso>139600</idProcesso><pesoRealeSacco>28630</pesoRealeSacco></daInserire><daInserire xmlns:xsi="http://www.w3.org/2001/XMLSchema-instance" xsi:type="processoOri"><cliente>ITKINA</cliente><codChimica>CHIMICA_INTERNA</codChimica><codCompPeso>76_43508.86_19109.87_18871.84_30298</codCompPeso><codProdotto>NAM10</codProdotto><codSacco></codSacco><dtProduzione>2020-11-23T12:59:52+01:00</dtProduzione><idProcesso>139601</idProcesso><pesoRealeSacco>27825</pesoRealeSacco></daInserire><daInserire xmlns:xsi="http://www.w3.org/2001/XMLSchema-instance" xsi:type="processoOri"><cliente>ITKINA</cliente><codChimica>CHIMICA_INTERNA</codChimica><codCompPeso>76_43508.86_19109.87_18871.84_30298</codCompPeso><codProdotto>NAM10</codProdotto><codSacco></codSacco><dtProduzione>2020-11-23T13:00:30+01:00</dtProduzione><idProcesso>139602</idProcesso><pesoRealeSacco>28133</pesoRealeSacco></daInserire><daInserire xmlns:xsi="http://www.w3.org/2001/XMLSchema-instance" xsi:type="processoOri"><cliente>ITKINA</cliente><codChimica>CHIMICA_INTERNA</codChimica><codCompPeso>76_43776.86_18935.87_18842.84_30046</codCompPeso><codProdotto>NAM10</codProdotto><codSacco></codSacco><dtProduzione>2020-11-23T13:02:47+01:00</dtProduzione><idProcesso>139603</idProcesso><pesoRealeSacco>28768</pesoRealeSacco></daInserire><daInserire xmlns:xsi="http://www.w3.org/2001/XMLSchema-instance" xsi:type="processoOri"><cliente>ITKINA</cliente><codChimica>CHIMICA_INTERNA</codChimica><codCompPeso>76_43776.86_18935.87_18842.84_30046</codCompPeso><codProdotto>NAM10</codProdotto><codSacco></codSacco><dtProduzione>2020-11-23T13:03:16+01:00</dtProduzione><idProcesso>139604</idProcesso><pesoRealeSacco>29218</pesoRealeSacco></daInserire><daInserire xmlns:xsi="http://www.w3.org/2001/XMLSchema-instance" xsi:type="processoOri"><cliente>ITKINA</cliente><codChimica>CHIMICA_INTERNA</codChimica><codCompPeso>76_43776.86_18935.87_18842.84_30046</codCompPeso><codProdotto>NAM10</codProdotto><codSacco></codSacco><dtProduzione>2020-11-23T13:03:47+01:00</dtProduzione><idProcesso>139605</idProcesso><pesoRealeSacco>27645</pesoRealeSacco></daInserire><daInserire xmlns:xsi="http://www.w3.org/2001/XMLSchema-instance" xsi:type="processoOri"><cliente>ITKINA</cliente><codChimica>CHIMICA_INTERNA</codChimica><codCompPeso>76_43776.86_18935.87_18842.84_30046</codCompPeso><codProdotto>NAM10</codProdotto><codSacco></codSacco><dtProduzione>2020-11-23T13:04:11+01:00</dtProduzione><idProcesso>139606</idProcesso><pesoRealeSacco>135</pesoRealeSacco></daInserire><daInserire xmlns:xsi="http://www.w3.org/2001/XMLSchema-instance" xsi:type="processoOri"><cliente>ITKINA</cliente><codChimica>CHIMICA_INTERNA</codChimica><codCompPeso>76_43582.86_18968.87_18927.84_30389</codCompPeso><codProdotto>NAM10</codProdotto><codSacco></codSacco><dtProduzione>2020-11-23T13:27:56+01:00</dtProduzione><idProcesso>139607</idProcesso><pesoRealeSacco>28580</pesoRealeSacco></daInserire><daInserire xmlns:xsi="http://www.w3.org/2001/XMLSchema-instance" xsi:type="processoOri"><cliente>ITKINA</cliente><codChimica>CHIMICA_INTERNA</codChimica><codCompPeso>76_43582.86_18968.87_18927.84_30389</codCompPeso><codProdotto>NAM10</codProdotto><codSacco></codSacco><dtProduzione>2020-11-23T13:28:24+01:00</dtProduzione><idProcesso>139608</idProcesso><pesoRealeSacco>29679</pesoRealeSacco></daInserire><daInserire xmlns:xsi="http://www.w3.org/2001/XMLSchema-instance" xsi:type="processoOri"><cliente>ITKINA</cliente><codChimica>CHIMICA_INTERNA</codChimica><codCompPeso>76_43582.86_18968.87_18927.84_30389</codCompPeso><codProdotto>NAM10</codProdotto><codSacco></codSacco><dtProduzione>2020-11-23T13:28:54+01:00</dtProduzione><idProcesso>139609</idProcesso><pesoRealeSacco>28548</pesoRealeSacco></daInserire><daInserire xmlns:xsi="http://www.w3.org/2001/XMLSchema-instance" xsi:type="processoOri"><cliente>ITKINA</cliente><codChimica>CHIMICA_INTERNA</codChimica><codCompPeso>76_43582.86_18968.87_18927.84_30389</codCompPeso><codProdotto>NAM10</codProdotto><codSacco></codSacco><dtProduzione>2020-11-23T13:29:23+01:00</dtProduzione><idProcesso>139610</idProcesso><pesoRealeSacco>29165</pesoRealeSacco></daInserire><daInserire xmlns:xsi="http://www.w3.org/2001/XMLSchema-instance" xsi:type="processoOri"><cliente>ITKINA</cliente><codChimica>CHIMICA_INTERNA</codChimica><codCompPeso>76_43330.86_18783.87_18875.84_30223</codCompPeso><codProdotto>NAM10</codProdotto><codSacco></codSacco><dtProduzione>2020-11-23T13:33:26+01:00</dtProduzione><idProcesso>139611</idProcesso><pesoRealeSacco>28772</pesoRealeSacco></daInserire><daInserire xmlns:xsi="http://www.w3.org/2001/XMLSchema-instance" xsi:type="processoOri"><cliente>ITKINA</cliente><codChimica>CHIMICA_INTERNA</codChimica><codCompPeso>76_43330.86_18783.87_18875.84_30223</codCompPeso><codProdotto>NAM10</codProdotto><codSacco></codSacco><dtProduzione>2020-11-23T13:33:57+01:00</dtProduzione><idProcesso>139612</idProcesso><pesoRealeSacco>28649</pesoRealeSacco></daInserire><daInserire xmlns:xsi="http://www.w3.org/2001/XMLSchema-instance" xsi:type="processoOri"><cliente>ITKINA</cliente><codChimica>CHIMICA_INTERNA</codChimica><codCompPeso>76_43330.86_18783.87_18875.84_30223</codCompPeso><codProdotto>NAM10</codProdotto><codSacco></codSacco><dtProduzione>2020-11-23T13:34:42+01:00</dtProduzione><idProcesso>139613</idProcesso><pesoRealeSacco>29587</pesoRealeSacco></daInserire><daInserire xmlns:xsi="http://www.w3.org/2001/XMLSchema-instance" xsi:type="processoOri"><cliente>ITKINA</cliente><codChimica>CHIMICA_INTERNA</codChimica><codCompPeso>76_43330.86_18783.87_18875.84_30223</codCompPeso><codProdotto>NAM10</codProdotto><codSacco></codSacco><dtProduzione>2020-11-23T13:35:11+01:00</dtProduzione><idProcesso>139614</idProcesso><pesoRealeSacco>29270</pesoRealeSacco></daInserire><daInserire xmlns:xsi="http://www.w3.org/2001/XMLSchema-instance" xsi:type="processoOri"><cliente>ITKINA</cliente><codChimica>CHIMICA_INTERNA</codChimica><codCompPeso>76_43860.86_18533.87_18796.84_30464</codCompPeso><codProdotto>NAM10</codProdotto><codSacco>..</codSacco><dtProduzione>2020-11-23T13:59:12+01:00</dtProduzione><idProcesso>139615</idProcesso><pesoRealeSacco>28527</pesoRealeSacco></daInserire><daInserire xmlns:xsi="http://www.w3.org/2001/XMLSchema-instance" xsi:type="processoOri"><cliente>ITKINA</cliente><codChimica>CHIMICA_INTERNA</codChimica><codCompPeso>76_43860.86_18533.87_18796.84_30464</codCompPeso><codProdotto>NAM10</codProdotto><codSacco></codSacco><dtProduzione>2020-11-23T14:02:20+01:00</dtProduzione><idProcesso>139616</idProcesso><pesoRealeSacco>29552</pesoRealeSacco></daInserire><daInserire xmlns:xsi="http://www.w3.org/2001/XMLSchema-instance" xsi:type="processoOri"><cliente>ITKINA</cliente><codChimica>CHIMICA_INTERNA</codChimica><codCompPeso>76_43860.86_18533.87_18796.84_30464</codCompPeso><codProdotto>NAM10</codProdotto><codSacco></codSacco><dtProduzione>2020-11-23T14:02:49+01:00</dtProduzione><idProcesso>139617</idProcesso><pesoRealeSacco>28102</pesoRealeSacco></daInserire><daInserire xmlns:xsi="http://www.w3.org/2001/XMLSchema-instance" xsi:type="processoOri"><cliente>ITKINA</cliente><codChimica>CHIMICA_INTERNA</codChimica><codCompPeso>76_43860.86_18533.87_18796.84_30464</codCompPeso><codProdotto>NAM10</codProdotto><codSacco></codSacco><dtProduzione>2020-11-23T14:03:17+01:00</dtProduzione><idProcesso>139618</idProcesso><pesoRealeSacco>29331</pesoRealeSacco></daInserire><daInserire xmlns:xsi="http://www.w3.org/2001/XMLSchema-instance" xsi:type="processoOri"><cliente>ITKINA</cliente><codChimica>CHIMICA_INTERNA</codChimica><codCompPeso>76_44287.86_19002.87_18871.84_30262</codCompPeso><codProdotto>NAM10</codProdotto><codSacco></codSacco><dtProduzione>2020-11-23T14:05:16+01:00</dtProduzione><idProcesso>139619</idProcesso><pesoRealeSacco>28041</pesoRealeSacco></daInserire><daInserire xmlns:xsi="http://www.w3.org/2001/XMLSchema-instance" xsi:type="processoOri"><cliente>ITKINA</cliente><codChimica>CHIMICA_INTERNA</codChimica><codCompPeso>76_44287.86_19002.87_18871.84_30262</codCompPeso><codProdotto>NAM10</codProdotto><codSacco></codSacco><dtProduzione>2020-11-23T14:05:51+01:00</dtProduzione><idProcesso>139620</idProcesso><pesoRealeSacco>28361</pesoRealeSacco></daInserire><daInserire xmlns:xsi="http://www.w3.org/2001/XMLSchema-instance" xsi:type="processoOri"><cliente>ITKINA</cliente><codChimica>CHIMICA_INTERNA</codChimica><codCompPeso>76_44287.86_19002.87_18871.84_30262</codCompPeso><codProdotto>NAM10</codProdotto><codSacco></codSacco><dtProduzione>2020-11-23T14:06:19+01:00</dtProduzione><idProcesso>139621</idProcesso><pesoRealeSacco>28174</pesoRealeSacco></daInserire><daInserire xmlns:xsi="http://www.w3.org/2001/XMLSchema-instance" xsi:type="processoOri"><cliente>ITKINA</cliente><codChimica>CHIMICA_INTERNA</codChimica><codCompPeso>76_44287.86_19002.87_18871.84_30262</codCompPeso><codProdotto>NAM10</codProdotto><codSacco></codSacco><dtProduzione>2020-11-23T14:06:45+01:00</dtProduzione><idProcesso>139622</idProcesso><pesoRealeSacco>28370</pesoRealeSacco></daInserire><daInserire xmlns:xsi="http://www.w3.org/2001/XMLSchema-instance" xsi:type="processoOri"><cliente>ITKINA</cliente><codChimica>CHIMICA_INTERNA</codChimica><codCompPeso>76_43150.86_19302.87_18853.84_30016</codCompPeso><codProdotto>NAM10</codProdotto><codSacco></codSacco><dtProduzione>2020-11-23T14:17:44+01:00</dtProduzione><idProcesso>139623</idProcesso><pesoRealeSacco>29033</pesoRealeSacco></daInserire><daInserire xmlns:xsi="http://www.w3.org/2001/XMLSchema-instance" xsi:type="processoOri"><cliente>ITKINA</cliente><codChimica>CHIMICA_INTERNA</codChimica><codCompPeso>76_43150.86_19302.87_18853.84_30016</codCompPeso><codProdotto>NAM10</codProdotto><codSacco></codSacco><dtProduzione>2020-11-23T14:18:11+01:00</dtProduzione><idProcesso>139624</idProcesso><pesoRealeSacco>28708</pesoRealeSacco></daInserire><daInserire xmlns:xsi="http://www.w3.org/2001/XMLSchema-instance" xsi:type="processoOri"><cliente>ITKINA</cliente><codChimica>CHIMICA_INTERNA</codChimica><codCompPeso>76_43150.86_19302.87_18853.84_30016</codCompPeso><codProdotto>NAM10</codProdotto><codSacco></codSacco><dtProduzione>2020-11-23T14:18:39+01:00</dtProduzione><idProcesso>139625</idProcesso><pesoRealeSacco>28681</pesoRealeSacco></daInserire><daInserire xmlns:xsi="http://www.w3.org/2001/XMLSchema-instance" xsi:type="processoOri"><cliente>ITKINA</cliente><codChimica>CHIMICA_INTERNA</codChimica><codCompPeso>76_43150.86_19302.87_18853.84_30016</codCompPeso><codProdotto>NAM10</codProdotto><codSacco></codSacco><dtProduzione>2020-11-23T14:19:07+01:00</dtProduzione><idProcesso>139626</idProcesso><pesoRealeSacco>29631</pesoRealeSacco></daInserire><daInserire xmlns:xsi="http://www.w3.org/2001/XMLSchema-instance" xsi:type="processoOri"><cliente>ITKINA</cliente><codChimica>CHIMICA_INTERNA</codChimica><codCompPeso>76_43997.86_19000.87_18683.84_30265</codCompPeso><codProdotto>NAM10</codProdotto><codSacco></codSacco><dtProduzione>2020-11-23T14:21:09+01:00</dtProduzione><idProcesso>139627</idProcesso><pesoRealeSacco>28662</pesoRealeSacco></daInserire><daInserire xmlns:xsi="http://www.w3.org/2001/XMLSchema-instance" xsi:type="processoOri"><cliente>ITKINA</cliente><codChimica>CHIMICA_INTERNA</codChimica><codCompPeso>76_43997.86_19000.87_18683.84_30265</codCompPeso><codProdotto>NAM10</codProdotto><codSacco></codSacco><dtProduzione>2020-11-23T14:21:34+01:00</dtProduzione><idProcesso>139628</idProcesso><pesoRealeSacco>29243</pesoRealeSacco></daInserire><daInserire xmlns:xsi="http://www.w3.org/2001/XMLSchema-instance" xsi:type="processoOri"><cliente>ITKINA</cliente><codChimica>CHIMICA_INTERNA</codChimica><codCompPeso>76_43997.86_19000.87_18683.84_30265</codCompPeso><codProdotto>NAM10</codProdotto><codSacco></codSacco><dtProduzione>2020-11-23T14:22:04+01:00</dtProduzione><idProcesso>139629</idProcesso><pesoRealeSacco>29267</pesoRealeSacco></daInserire><daInserire xmlns:xsi="http://www.w3.org/2001/XMLSchema-instance" xsi:type="processoOri"><cliente>ITKINA</cliente><codChimica>CHIMICA_INTERNA</codChimica><codCompPeso>76_43997.86_19000.87_18683.84_30265</codCompPeso><codProdotto>NAM10</codProdotto><codSacco></codSacco><dtProduzione>2020-11-23T14:22:31+01:00</dtProduzione><idProcesso>139630</idProcesso><pesoRealeSacco>28209</pesoRealeSacco></daInserire><daInserire xmlns:xsi="http://www.w3.org/2001/XMLSchema-instance" xsi:type="processoOri"><cliente>ITKINA</cliente><codChimica>CHIMICA_INTERNA</codChimica><codCompPeso>76_43240.86_19534.87_18778.84_30196</codCompPeso><codProdotto>NAM10</codProdotto><codSacco></codSacco><dtProduzione>2020-11-24T05:22:34+01:00</dtProduzione><idProcesso>139631</idProcesso><pesoRealeSacco>29728</pesoRealeSacco></daInserire><daInserire xmlns:xsi="http://www.w3.org/2001/XMLSchema-instance" xsi:type="processoOri"><cliente>ITKINA</cliente><codChimica>CHIMICA_INTERNA</codChimica><codCompPeso>76_43240.86_19534.87_18778.84_30196</codCompPeso><codProdotto>NAM10</codProdotto><codSacco></codSacco><dtProduzione>2020-11-24T05:23:38+01:00</dtProduzione><idProcesso>139632</idProcesso><pesoRealeSacco>28948</pesoRealeSacco></daInserire><daInserire xmlns:xsi="http://www.w3.org/2001/XMLSchema-instance" xsi:type="processoOri"><cliente>ITKINA</cliente><codChimica>CHIMICA_INTERNA</codChimica><codCompPeso>76_43240.86_19534.87_18778.84_30196</codCompPeso><codProdotto>NAM10</codProdotto><codSacco></codSacco><dtProduzione>2020-11-24T05:24:13+01:00</dtProduzione><idProcesso>139633</idProcesso><pesoRealeSacco>28806</pesoRealeSacco></daInserire><daInserire xmlns:xsi="http://www.w3.org/2001/XMLSchema-instance" xsi:type="processoOri"><cliente>ITKINA</cliente><codChimica>CHIMICA_INTERNA</codChimica><codCompPeso>76_43240.86_19534.87_18778.84_30196</codCompPeso><codProdotto>NAM10</codProdotto><codSacco></codSacco><dtProduzione>2020-11-24T05:24:47+01:00</dtProduzione><idProcesso>139634</idProcesso><pesoRealeSacco>29038</pesoRealeSacco></daInserire><daInserire xmlns:xsi="http://www.w3.org/2001/XMLSchema-instance" xsi:type="processoOri"><cliente>ITKINA</cliente><codChimica>CHIMICA_INTERNA</codChimica><codCompPeso>76_43446.86_19173.87_18942.84_30303</codCompPeso><codProdotto>NAM10</codProdotto><codSacco></codSacco><dtProduzione>2020-11-24T05:29:53+01:00</dtProduzione><idProcesso>139635</idProcesso><pesoRealeSacco>28473</pesoRealeSacco></daInserire><daInserire xmlns:xsi="http://www.w3.org/2001/XMLSchema-instance" xsi:type="processoOri"><cliente>ITKINA</cliente><codChimica>CHIMICA_INTERNA</codChimica><codCompPeso>76_43446.86_19173.87_18942.84_30303</codCompPeso><codProdotto>NAM10</codProdotto><codSacco></codSacco><dtProduzione>2020-11-24T05:30:25+01:00</dtProduzione><idProcesso>139636</idProcesso><pesoRealeSacco>28919</pesoRealeSacco></daInserire><daInserire xmlns:xsi="http://www.w3.org/2001/XMLSchema-instance" xsi:type="processoOri"><cliente>ITKINA</cliente><codChimica>CHIMICA_INTERNA</codChimica><codCompPeso>76_43446.86_19173.87_18942.84_30303</codCompPeso><codProdotto>NAM10</codProdotto><codSacco></codSacco><dtProduzione>2020-11-24T05:31:06+01:00</dtProduzione><idProcesso>139637</idProcesso><pesoRealeSacco>28536</pesoRealeSacco></daInserire><daInserire xmlns:xsi="http://www.w3.org/2001/XMLSchema-instance" xsi:type="processoOri"><cliente>ITKINA</cliente><codChimica>CHIMICA_INTERNA</codChimica><codCompPeso>76_43446.86_19173.87_18942.84_30303</codCompPeso><codProdotto>NAM10</codProdotto><codSacco></codSacco><dtProduzione>2020-11-24T05:31:38+01:00</dtProduzione><idProcesso>139638</idProcesso><pesoRealeSacco>28594</pesoRealeSacco></daInserire><daInserire xmlns:xsi="http://www.w3.org/2001/XMLSchema-instance" xsi:type="processoOri"><cliente>ITKINA</cliente><codChimica>CHIMICA_INTERNA</codChimica><codCompPeso>76_43390.86_19335.87_18851.84_30134</codCompPeso><codProdotto>NAM10</codProdotto><codSacco></codSacco><dtProduzione>2020-11-24T05:35:55+01:00</dtProduzione><idProcesso>139639</idProcesso><pesoRealeSacco>28895</pesoRealeSacco></daInserire><daInserire xmlns:xsi="http://www.w3.org/2001/XMLSchema-instance" xsi:type="processoOri"><cliente>ITKINA</cliente><codChimica>CHIMICA_INTERNA</codChimica><codCompPeso>76_43390.86_19335.87_18851.84_30134</codCompPeso><codProdotto>NAM10</codProdotto><codSacco></codSacco><dtProduzione>2020-11-24T05:36:29+01:00</dtProduzione><idProcesso>139640</idProcesso><pesoRealeSacco>28834</pesoRealeSacco></daInserire><daInserire xmlns:xsi="http://www.w3.org/2001/XMLSchema-instance" xsi:type="processoOri"><cliente>ITKINA</cliente><codChimica>CHIMICA_INTERNA</codChimica><codCompPeso>76_43390.86_19335.87_18851.84_30134</codCompPeso><codProdotto>NAM10</codProdotto><codSacco></codSacco><dtProduzione>2020-11-24T05:37:03+01:00</dtProduzione><idProcesso>139641</idProcesso><pesoRealeSacco>28956</pesoRealeSacco></daInserire><daInserire xmlns:xsi="http://www.w3.org/2001/XMLSchema-instance" xsi:type="processoOri"><cliente>ITKINA</cliente><codChimica>CHIMICA_INTERNA</codChimica><codCompPeso>76_43390.86_19335.87_18851.84_30134</codCompPeso><codProdotto>NAM10</codProdotto><codSacco></codSacco><dtProduzione>2020-11-24T05:37:37+01:00</dtProduzione><idProcesso>139642</idProcesso><pesoRealeSacco>28564</pesoRealeSacco></daInserire><daInserire xmlns:xsi="http://www.w3.org/2001/XMLSchema-instance" xsi:type="processoOri"><cliente>ITKINA</cliente><codChimica>CHIMICA_INTERNA</codChimica><codCompPeso>76_45994.86_18860.87_18925.84_30263</codCompPeso><codProdotto>NAM10</codProdotto><codSacco></codSacco><dtProduzione>2020-11-24T05:39:46+01:00</dtProduzione><idProcesso>139643</idProcesso><pesoRealeSacco>29706</pesoRealeSacco></daInserire><daInserire xmlns:xsi="http://www.w3.org/2001/XMLSchema-instance" xsi:type="processoOri"><cliente>ITKINA</cliente><codChimica>CHIMICA_INTERNA</codChimica><codCompPeso>76_45994.86_18860.87_18925.84_30263</codCompPeso><codProdotto>NAM10</codProdotto><codSacco></codSacco><dtProduzione>2020-11-24T05:40:17+01:00</dtProduzione><idProcesso>139644</idProcesso><pesoRealeSacco>29345</pesoRealeSacco></daInserire><daInserire xmlns:xsi="http://www.w3.org/2001/XMLSchema-instance" xsi:type="processoOri"><cliente>ITKINA</cliente><codChimica>CHIMICA_INTERNA</codChimica><codCompPeso>76_45994.86_18860.87_18925.84_30263</codCompPeso><codProdotto>NAM10</codProdotto><codSacco></codSacco><dtProduzione>2020-11-24T05:40:51+01:00</dtProduzione><idProcesso>139645</idProcesso><pesoRealeSacco>28770</pesoRealeSacco></daInserire><daInserire xmlns:xsi="http://www.w3.org/2001/XMLSchema-instance" xsi:type="processoOri"><cliente>ITKINA</cliente><codChimica>CHIMICA_INTERNA</codChimica><codCompPeso>76_45994.86_18860.87_18925.84_30263</codCompPeso><codProdotto>NAM10</codProdotto><codSacco></codSacco><dtProduzione>2020-11-24T05:41:25+01:00</dtProduzione><idProcesso>139646</idProcesso><pesoRealeSacco>29306</pesoRealeSacco></daInserire><daInserire xmlns:xsi="http://www.w3.org/2001/XMLSchema-instance" xsi:type="processoOri"><cliente>ITKINA</cliente><codChimica>CHIMICA_INTERNA</codChimica><codCompPeso>76_43304.86_19051.87_18909.84_30166</codCompPeso><codProdotto>NAM10</codProdotto><codSacco></codSacco><dtProduzione>2020-11-24T05:52:38+01:00</dtProduzione><idProcesso>139647</idProcesso><pesoRealeSacco>29672</pesoRealeSacco></daInserire><daInserire xmlns:xsi="http://www.w3.org/2001/XMLSchema-instance" xsi:type="processoOri"><cliente>ITKINA</cliente><codChimica>CHIMICA_INTERNA</codChimica><codCompPeso>76_43304.86_19051.87_18909.84_30166</codCompPeso><codProdotto>NAM10</codProdotto><codSacco></codSacco><dtProduzione>2020-11-24T05:53:10+01:00</dtProduzione><idProcesso>139648</idProcesso><pesoRealeSacco>28669</pesoRealeSacco></daInserire><daInserire xmlns:xsi="http://www.w3.org/2001/XMLSchema-instance" xsi:type="processoOri"><cliente>ITKINA</cliente><codChimica>CHIMICA_INTERNA</codChimica><codCompPeso>76_43304.86_19051.87_18909.84_30166</codCompPeso><codProdotto>NAM10</codProdotto><codSacco></codSacco><dtProduzione>2020-11-24T05:53:44+01:00</dtProduzione><idProcesso>139649</idProcesso><pesoRealeSacco>28794</pesoRealeSacco></daInserire><daInserire xmlns:xsi="http://www.w3.org/2001/XMLSchema-instance" xsi:type="processoOri"><cliente>ITKINA</cliente><codChimica>CHIMICA_INTERNA</codChimica><codCompPeso>76_43304.86_19051.87_18909.84_30166</codCompPeso><codProdotto>NAM10</codProdotto><codSacco></codSacco><dtProduzione>2020-11-24T06:11:23+01:00</dtProduzione><idProcesso>139650</idProcesso><pesoRealeSacco>28931</pesoRealeSacco></daInserire><daInserire xmlns:xsi="http://www.w3.org/2001/XMLSchema-instance" xsi:type="processoOri"><cliente>ITKINA</cliente><codChimica>CHIMICA_INTERNA</codChimica><codCompPeso>76_42825.86_19155.87_18924.84_30147</codCompPeso><codProdotto>NAM10</codProdotto><codSacco></codSacco><dtProduzione>2020-11-24T06:16:24+01:00</dtProduzione><idProcesso>139651</idProcesso><pesoRealeSacco>29554</pesoRealeSacco></daInserire><daInserire xmlns:xsi="http://www.w3.org/2001/XMLSchema-instance" xsi:type="processoOri"><cliente>ITKINA</cliente><codChimica>CHIMICA_INTERNA</codChimica><codCompPeso>76_42825.86_19155.87_18924.84_30147</codCompPeso><codProdotto>NAM10</codProdotto><codSacco></codSacco><dtProduzione>2020-11-24T06:16:58+01:00</dtProduzione><idProcesso>139652</idProcesso><pesoRealeSacco>28573</pesoRealeSacco></daInserire><daInserire xmlns:xsi="http://www.w3.org/2001/XMLSchema-instance" xsi:type="processoOri"><cliente>ITKINA</cliente><codChimica>CHIMICA_INTERNA</codChimica><codCompPeso>76_42825.86_19155.87_18924.84_30147</codCompPeso><codProdotto>NAM10</codProdotto><codSacco></codSacco><dtProduzione>2020-11-24T06:17:35+01:00</dtProduzione><idProcesso>139653</idProcesso><pesoRealeSacco>29818</pesoRealeSacco></daInserire><daInserire xmlns:xsi="http://www.w3.org/2001/XMLSchema-instance" xsi:type="processoOri"><cliente>ITKINA</cliente><codChimica>CHIMICA_INTERNA</codChimica><codCompPeso>76_42825.86_19155.87_18924.84_30147</codCompPeso><codProdotto>NAM10</codProdotto><codSacco></codSacco><dtProduzione>2020-11-24T06:18:40+01:00</dtProduzione><idProcesso>139654</idProcesso><pesoRealeSacco>28551</pesoRealeSacco></daInserire><daInserire xmlns:xsi="http://www.w3.org/2001/XMLSchema-instance" xsi:type="processoOri"><cliente>ITKINA</cliente><codChimica>CHIMICA_INTERNA</codChimica><codCompPeso>76_43110.86_19036.87_18874.84_30288</codCompPeso><codProdotto>NAM10</codProdotto><codSacco></codSacco><dtProduzione>2020-11-24T06:23:33+01:00</dtProduzione><idProcesso>139655</idProcesso><pesoRealeSacco>29043</pesoRealeSacco></daInserire><daInserire xmlns:xsi="http://www.w3.org/2001/XMLSchema-instance" xsi:type="processoOri"><cliente>ITKINA</cliente><codChimica>CHIMICA_INTERNA</codChimica><codCompPeso>76_43110.86_19036.87_18874.84_30288</codCompPeso><codProdotto>NAM10</codProdotto><codSacco></codSacco><dtProduzione>2020-11-24T06:24:05+01:00</dtProduzione><idProcesso>139656</idProcesso><pesoRealeSacco>29345</pesoRealeSacco></daInserire><daInserire xmlns:xsi="http://www.w3.org/2001/XMLSchema-instance" xsi:type="processoOri"><cliente>ITKINA</cliente><codChimica>CHIMICA_INTERNA</codChimica><codCompPeso>76_43110.86_19036.87_18874.84_30288</codCompPeso><codProdotto>NAM10</codProdotto><codSacco></codSacco><dtProduzione>2020-11-24T06:24:39+01:00</dtProduzione><idProcesso>139657</idProcesso><pesoRealeSacco>28868</pesoRealeSacco></daInserire><daInserire xmlns:xsi="http://www.w3.org/2001/XMLSchema-instance" xsi:type="processoOri"><cliente>ITKINA</cliente><codChimica>CHIMICA_INTERNA</codChimica><codCompPeso>76_43110.86_19036.87_18874.84_30288</codCompPeso><codProdotto>NAM10</codProdotto><codSacco></codSacco><dtProduzione>2020-11-24T06:25:12+01:00</dtProduzione><idProcesso>139658</idProcesso><pesoRealeSacco>27851</pesoRealeSacco></daInserire><daInserire xmlns:xsi="http://www.w3.org/2001/XMLSchema-instance" xsi:type="processoOri"><cliente>ITKINA</cliente><codChimica>CHIMICA_INTERNA</codChimica><codCompPeso>76_43185.86_18921.87_18924.84_30258</codCompPeso><codProdotto>NAM10</codProdotto><codSacco></codSacco><dtProduzione>2020-11-24T06:27:12+01:00</dtProduzione><idProcesso>139659</idProcesso><pesoRealeSacco>29523</pesoRealeSacco></daInserire><daInserire xmlns:xsi="http://www.w3.org/2001/XMLSchema-instance" xsi:type="processoOri"><cliente>ITKINA</cliente><codChimica>CHIMICA_INTERNA</codChimica><codCompPeso>76_43185.86_18921.87_18924.84_30258</codCompPeso><codProdotto>NAM10</codProdotto><codSacco></codSacco><dtProduzione>2020-11-24T06:27:44+01:00</dtProduzione><idProcesso>139660</idProcesso><pesoRealeSacco>28666</pesoRealeSacco></daInserire><daInserire xmlns:xsi="http://www.w3.org/2001/XMLSchema-instance" xsi:type="processoOri"><cliente>ITKINA</cliente><codChimica>CHIMICA_INTERNA</codChimica><codCompPeso>76_43185.86_18921.87_18924.84_30258</codCompPeso><codProdotto>NAM10</codProdotto><codSacco></codSacco><dtProduzione>2020-11-24T06:28:19+01:00</dtProduzione><idProcesso>139661</idProcesso><pesoRealeSacco>28554</pesoRealeSacco></daInserire><daInserire xmlns:xsi="http://www.w3.org/2001/XMLSchema-instance" xsi:type="processoOri"><cliente>ITKINA</cliente><codChimica>CHIMICA_INTERNA</codChimica><codCompPeso>76_43185.86_18921.87_18924.84_30258</codCompPeso><codProdotto>NAM10</codProdotto><codSacco></codSacco><dtProduzione>2020-11-24T06:28:52+01:00</dtProduzione><idProcesso>139662</idProcesso><pesoRealeSacco>28271</pesoRealeSacco></daInserire><daInserire xmlns:xsi="http://www.w3.org/2001/XMLSchema-instance" xsi:type="processoOri"><cliente>ITKINA</cliente><codChimica>CHIMICA_INTERNA</codChimica><codCompPeso>76_42920.86_18993.87_18871.84_29997</codCompPeso><codProdotto>NAM10</codProdotto><codSacco></codSacco><dtProduzione>2020-11-24T06:40:51+01:00</dtProduzione><idProcesso>139663</idProcesso><pesoRealeSacco>29086</pesoRealeSacco></daInserire><daInserire xmlns:xsi="http://www.w3.org/2001/XMLSchema-instance" xsi:type="processoOri"><cliente>ITKINA</cliente><codChimica>CHIMICA_INTERNA</codChimica><codCompPeso>76_42920.86_18993.87_18871.84_29997</codCompPeso><codProdotto>NAM10</codProdotto><codSacco></codSacco><dtProduzione>2020-11-24T06:41:25+01:00</dtProduzione><idProcesso>139664</idProcesso><pesoRealeSacco>28938</pesoRealeSacco></daInserire><daInserire xmlns:xsi="http://www.w3.org/2001/XMLSchema-instance" xsi:type="processoOri"><cliente>ITKINA</cliente><codChimica>CHIMICA_INTERNA</codChimica><codCompPeso>76_42920.86_18993.87_18871.84_29997</codCompPeso><codProdotto>NAM10</codProdotto><codSacco></codSacco><dtProduzione>2020-11-24T06:42:00+01:00</dtProduzione><idProcesso>139665</idProcesso><pesoRealeSacco>28689</pesoRealeSacco></daInserire><daInserire xmlns:xsi="http://www.w3.org/2001/XMLSchema-instance" xsi:type="processoOri"><cliente>ITKINA</cliente><codChimica>CHIMICA_INTERNA</codChimica><codCompPeso>76_42920.86_18993.87_18871.84_29997</codCompPeso><codProdotto>NAM10</codProdotto><codSacco></codSacco><dtProduzione>2020-11-24T06:42:34+01:00</dtProduzione><idProcesso>139666</idProcesso><pesoRealeSacco>28656</pesoRealeSacco></daInserire><daInserire xmlns:xsi="http://www.w3.org/2001/XMLSchema-instance" xsi:type="processoOri"><cliente>ITKINA</cliente><codChimica>CHIMICA_INTERNA</codChimica><codCompPeso>76_43066.86_19573.87_18802.84_30145</codCompPeso><codProdotto>NAM10</codProdotto><codSacco></codSacco><dtProduzione>2020-11-24T06:47:14+01:00</dtProduzione><idProcesso>139667</idProcesso><pesoRealeSacco>29093</pesoRealeSacco></daInserire><daInserire xmlns:xsi="http://www.w3.org/2001/XMLSchema-instance" xsi:type="processoOri"><cliente>ITKINA</cliente><codChimica>CHIMICA_INTERNA</codChimica><codCompPeso>76_43066.86_19573.87_18802.84_30145</codCompPeso><codProdotto>NAM10</codProdotto><codSacco></codSacco><dtProduzione>2020-11-24T06:47:44+01:00</dtProduzione><idProcesso>139668</idProcesso><pesoRealeSacco>28618</pesoRealeSacco></daInserire><daInserire xmlns:xsi="http://www.w3.org/2001/XMLSchema-instance" xsi:type="processoOri"><cliente>ITKINA</cliente><codChimica>CHIMICA_INTERNA</codChimica><codCompPeso>76_43066.86_19573.87_18802.84_30145</codCompPeso><codProdotto>NAM10</codProdotto><codSacco></codSacco><dtProduzione>2020-11-24T06:48:20+01:00</dtProduzione><idProcesso>139669</idProcesso><pesoRealeSacco>28156</pesoRealeSacco></daInserire><daInserire xmlns:xsi="http://www.w3.org/2001/XMLSchema-instance" xsi:type="processoOri"><cliente>ITKINA</cliente><codChimica>CHIMICA_INTERNA</codChimica><codCompPeso>76_43066.86_19573.87_18802.84_30145</codCompPeso><codProdotto>NAM10</codProdotto><codSacco></codSacco><dtProduzione>2020-11-24T06:48:53+01:00</dtProduzione><idProcesso>139670</idProcesso><pesoRealeSacco>29424</pesoRealeSacco></daInserire><daInserire xmlns:xsi="http://www.w3.org/2001/XMLSchema-instance" xsi:type="processoOri"><cliente>ITKINA</cliente><codChimica>CHIMICA_INTERNA</codChimica><codCompPeso>76_43077.86_19344.87_18872.84_29936</codCompPeso><codProdotto>NAM10</codProdotto><codSacco></codSacco><dtProduzione>2020-11-24T06:53:06+01:00</dtProduzione><idProcesso>139671</idProcesso><pesoRealeSacco>28270</pesoRealeSacco></daInserire><daInserire xmlns:xsi="http://www.w3.org/2001/XMLSchema-instance" xsi:type="processoOri"><cliente>ITKINA</cliente><codChimica>CHIMICA_INTERNA</codChimica><codCompPeso>76_43077.86_19344.87_18872.84_29936</codCompPeso><codProdotto>NAM10</codProdotto><codSacco></codSacco><dtProduzione>2020-11-24T06:53:35+01:00</dtProduzione><idProcesso>139672</idProcesso><pesoRealeSacco>28757</pesoRealeSacco></daInserire><daInserire xmlns:xsi="http://www.w3.org/2001/XMLSchema-instance" xsi:type="processoOri"><cliente>ITKINA</cliente><codChimica>CHIMICA_INTERNA</codChimica><codCompPeso>76_43077.86_19344.87_18872.84_29936</codCompPeso><codProdotto>NAM10</codProdotto><codSacco></codSacco><dtProduzione>2020-11-24T06:54:12+01:00</dtProduzione><idProcesso>139673</idProcesso><pesoRealeSacco>28658</pesoRealeSacco></daInserire><daInserire xmlns:xsi="http://www.w3.org/2001/XMLSchema-instance" xsi:type="processoOri"><cliente>ITKINA</cliente><codChimica>CHIMICA_INTERNA</codChimica><codCompPeso>76_43077.86_19344.87_18872.84_29936</codCompPeso><codProdotto>NAM10</codProdotto><codSacco></codSacco><dtProduzione>2020-11-24T06:54:43+01:00</dtProduzione><idProcesso>139674</idProcesso><pesoRealeSacco>28883</pesoRealeSacco></daInserire><daInserire xmlns:xsi="http://www.w3.org/2001/XMLSchema-instance" xsi:type="processoOri"><cliente>ITKINA</cliente><codChimica>CHIMICA_INTERNA</codChimica><codCompPeso>76_42948.86_19033.87_18920.84_29871</codCompPeso><codProdotto>NAM10</codProdotto><codSacco></codSacco><dtProduzione>2020-11-24T06:56:45+01:00</dtProduzione><idProcesso>139675</idProcesso><pesoRealeSacco>28667</pesoRealeSacco></daInserire><daInserire xmlns:xsi="http://www.w3.org/2001/XMLSchema-instance" xsi:type="processoOri"><cliente>ITKINA</cliente><codChimica>CHIMICA_INTERNA</codChimica><codCompPeso>76_42948.86_19033.87_18920.84_29871</codCompPeso><codProdotto>NAM10</codProdotto><codSacco></codSacco><dtProduzione>2020-11-24T06:57:26+01:00</dtProduzione><idProcesso>139676</idProcesso><pesoRealeSacco>29163</pesoRealeSacco></daInserire><daInserire xmlns:xsi="http://www.w3.org/2001/XMLSchema-instance" xsi:type="processoOri"><cliente>ITKINA</cliente><codChimica>CHIMICA_INTERNA</codChimica><codCompPeso>76_42948.86_19033.87_18920.84_29871</codCompPeso><codProdotto>NAM10</codProdotto><codSacco></codSacco><dtProduzione>2020-11-24T06:57:58+01:00</dtProduzione><idProcesso>139677</idProcesso><pesoRealeSacco>28483</pesoRealeSacco></daInserire><daInserire xmlns:xsi="http://www.w3.org/2001/XMLSchema-instance" xsi:type="processoOri"><cliente>ITKINA</cliente><codChimica>CHIMICA_INTERNA</codChimica><codCompPeso>76_42948.86_19033.87_18920.84_29871</codCompPeso><codProdotto>NAM10</codProdotto><codSacco></codSacco><dtProduzione>2020-11-24T06:58:33+01:00</dtProduzione><idProcesso>139678</idProcesso><pesoRealeSacco>28617</pesoRealeSacco></daInserire><daInserire xmlns:xsi="http://www.w3.org/2001/XMLSchema-instance" xsi:type="processoOri"><cliente>ITKINA</cliente><codChimica>CHIMICA_INTERNA</codChimica><codCompPeso>76_42948.86_19033.87_18920.84_29871</codCompPeso><codProdotto>NAM10</codProdotto><codSacco></codSacco><dtProduzione>2020-11-24T06:59:33+01:00</dtProduzione><idProcesso>139679</idProcesso><pesoRealeSacco>26795</pesoRealeSacco></daInserire><daInserire xmlns:xsi="http://www.w3.org/2001/XMLSchema-instance" xsi:type="processoOri"><cliente>ITKINA</cliente><codChimica>CHIMICA_INTERNA</codChimica><codCompPeso>76_43377.86_19028.87_18851.84_29612</codCompPeso><codProdotto>NAM10</codProdotto><codSacco></codSacco><dtProduzione>2020-11-24T07:10:18+01:00</dtProduzione><idProcesso>139680</idProcesso><pesoRealeSacco>28800</pesoRealeSacco></daInserire><daInserire xmlns:xsi="http://www.w3.org/2001/XMLSchema-instance" xsi:type="processoOri"><cliente>ITKINA</cliente><codChimica>CHIMICA_INTERNA</codChimica><codCompPeso>76_43377.86_19028.87_18851.84_29612</codCompPeso><codProdotto>NAM10</codProdotto><codSacco></codSacco><dtProduzione>2020-11-24T07:10:54+01:00</dtProduzione><idProcesso>139681</idProcesso><pesoRealeSacco>28705</pesoRealeSacco></daInserire><daInserire xmlns:xsi="http://www.w3.org/2001/XMLSchema-instance" xsi:type="processoOri"><cliente>ITKINA</cliente><codChimica>CHIMICA_INTERNA</codChimica><codCompPeso>76_43377.86_19028.87_18851.84_29612</codCompPeso><codProdotto>NAM10</codProdotto><codSacco></codSacco><dtProduzione>2020-11-24T07:11:32+01:00</dtProduzione><idProcesso>139682</idProcesso><pesoRealeSacco>28165</pesoRealeSacco></daInserire><daInserire xmlns:xsi="http://www.w3.org/2001/XMLSchema-instance" xsi:type="processoOri"><cliente>ITKINA</cliente><codChimica>CHIMICA_INTERNA</codChimica><codCompPeso>76_43377.86_19028.87_18851.84_29612</codCompPeso><codProdotto>NAM10</codProdotto><codSacco></codSacco><dtProduzione>2020-11-24T07:12:12+01:00</dtProduzione><idProcesso>139683</idProcesso><pesoRealeSacco>29167</pesoRealeSacco></daInserire><daInserire xmlns:xsi="http://www.w3.org/2001/XMLSchema-instance" xsi:type="processoOri"><cliente>ITKINA</cliente><codChimica>CHIMICA_INTERNA</codChimica><codCompPeso>76_43642.86_19077.87_18923.84_29791</codCompPeso><codProdotto>NAM10</codProdotto><codSacco></codSacco><dtProduzione>2020-11-24T07:17:44+01:00</dtProduzione><idProcesso>139684</idProcesso><pesoRealeSacco>29217</pesoRealeSacco></daInserire><daInserire xmlns:xsi="http://www.w3.org/2001/XMLSchema-instance" xsi:type="processoOri"><cliente>ITKINA</cliente><codChimica>CHIMICA_INTERNA</codChimica><codCompPeso>76_43642.86_19077.87_18923.84_29791</codCompPeso><codProdotto>NAM10</codProdotto><codSacco></codSacco><dtProduzione>2020-11-24T07:18:17+01:00</dtProduzione><idProcesso>139685</idProcesso><pesoRealeSacco>28968</pesoRealeSacco></daInserire><daInserire xmlns:xsi="http://www.w3.org/2001/XMLSchema-instance" xsi:type="processoOri"><cliente>ITKINA</cliente><codChimica>CHIMICA_INTERNA</codChimica><codCompPeso>76_43642.86_19077.87_18923.84_29791</codCompPeso><codProdotto>NAM10</codProdotto><codSacco></codSacco><dtProduzione>2020-11-24T07:18:53+01:00</dtProduzione><idProcesso>139686</idProcesso><pesoRealeSacco>28376</pesoRealeSacco></daInserire><daInserire xmlns:xsi="http://www.w3.org/2001/XMLSchema-instance" xsi:type="processoOri"><cliente>ITKINA</cliente><codChimica>CHIMICA_INTERNA</codChimica><codCompPeso>76_43642.86_19077.87_18923.84_29791</codCompPeso><codProdotto>NAM10</codProdotto><codSacco></codSacco><dtProduzione>2020-11-24T07:19:29+01:00</dtProduzione><idProcesso>139687</idProcesso><pesoRealeSacco>28443</pesoRealeSacco></daInserire><daInserire xmlns:xsi="http://www.w3.org/2001/XMLSchema-instance" xsi:type="processoOri"><cliente>ITKINA</cliente><codChimica>CHIMICA_INTERNA</codChimica><codCompPeso>76_43287.86_19469.87_18844.84_29572</codCompPeso><codProdotto>NAM10</codProdotto><codSacco></codSacco><dtProduzione>2020-11-24T07:21:32+01:00</dtProduzione><idProcesso>139688</idProcesso><pesoRealeSacco>28800</pesoRealeSacco></daInserire><daInserire xmlns:xsi="http://www.w3.org/2001/XMLSchema-instance" xsi:type="processoOri"><cliente>ITKINA</cliente><codChimica>CHIMICA_INTERNA</codChimica><codCompPeso>76_43287.86_19469.87_18844.84_29572</codCompPeso><codProdotto>NAM10</codProdotto><codSacco></codSacco><dtProduzione>2020-11-24T07:22:03+01:00</dtProduzione><idProcesso>139689</idProcesso><pesoRealeSacco>28494</pesoRealeSacco></daInserire><daInserire xmlns:xsi="http://www.w3.org/2001/XMLSchema-instance" xsi:type="processoOri"><cliente>ITKINA</cliente><codChimica>CHIMICA_INTERNA</codChimica><codCompPeso>76_43287.86_19469.87_18844.84_29572</codCompPeso><codProdotto>NAM10</codProdotto><codSacco></codSacco><dtProduzione>2020-11-24T07:22:40+01:00</dtProduzione><idProcesso>139690</idProcesso><pesoRealeSacco>28644</pesoRealeSacco></daInserire><daInserire xmlns:xsi="http://www.w3.org/2001/XMLSchema-instance" xsi:type="processoOri"><cliente>ITKINA</cliente><codChimica>CHIMICA_INTERNA</codChimica><codCompPeso>76_43287.86_19469.87_18844.84_29572</codCompPeso><codProdotto>NAM10</codProdotto><codSacco></codSacco><dtProduzione>2020-11-24T07:23:19+01:00</dtProduzione><idProcesso>139691</idProcesso><pesoRealeSacco>28201</pesoRealeSacco></daInserire><daInserire xmlns:xsi="http://www.w3.org/2001/XMLSchema-instance" xsi:type="processoOri"><cliente>ITKINA</cliente><codChimica>CHIMICA_INTERNA</codChimica><codCompPeso>76_43350.86_18973.87_18972.84_30359</codCompPeso><codProdotto>NAM10</codProdotto><codSacco></codSacco><dtProduzione>2020-11-24T08:01:21+01:00</dtProduzione><idProcesso>139692</idProcesso><pesoRealeSacco>28565</pesoRealeSacco></daInserire><daInserire xmlns:xsi="http://www.w3.org/2001/XMLSchema-instance" xsi:type="processoOri"><cliente>ITKINA</cliente><codChimica>CHIMICA_INTERNA</codChimica><codCompPeso>76_43350.86_18973.87_18972.84_30359</codCompPeso><codProdotto>NAM10</codProdotto><codSacco></codSacco><dtProduzione>2020-11-24T08:02:04+01:00</dtProduzione><idProcesso>139693</idProcesso><pesoRealeSacco>28644</pesoRealeSacco></daInserire><daInserire xmlns:xsi="http://www.w3.org/2001/XMLSchema-instance" xsi:type="processoOri"><cliente>ITKINA</cliente><codChimica>CHIMICA_INTERNA</codChimica><codCompPeso>76_43350.86_18973.87_18972.84_30359</codCompPeso><codProdotto>NAM10</codProdotto><codSacco></codSacco><dtProduzione>2020-11-24T08:02:44+01:00</dtProduzione><idProcesso>139694</idProcesso><pesoRealeSacco>27958</pesoRealeSacco></daInserire><daInserire xmlns:xsi="http://www.w3.org/2001/XMLSchema-instance" xsi:type="processoOri"><cliente>ITKINA</cliente><codChimica>CHIMICA_INTERNA</codChimica><codCompPeso>76_43350.86_18973.87_18972.84_30359</codCompPeso><codProdotto>NAM10</codProdotto><codSacco></codSacco><dtProduzione>2020-11-24T08:03:23+01:00</dtProduzione><idProcesso>139695</idProcesso><pesoRealeSacco>28144</pesoRealeSacco></daInserire><daInserire xmlns:xsi="http://www.w3.org/2001/XMLSchema-instance" xsi:type="processoOri"><cliente>ITKINA</cliente><codChimica>CHIMICA_INTERNA</codChimica><codCompPeso>76_43330.86_19279.87_18516.84_30283</codCompPeso><codProdotto>NAM10</codProdotto><codSacco></codSacco><dtProduzione>2020-11-24T08:10:04+01:00</dtProduzione><idProcesso>139696</idProcesso><pesoRealeSacco>29116</pesoRealeSacco></daInserire><daInserire xmlns:xsi="http://www.w3.org/2001/XMLSchema-instance" xsi:type="processoOri"><cliente>ITKINA</cliente><codChimica>CHIMICA_INTERNA</codChimica><codCompPeso>76_43330.86_19279.87_18516.84_30283</codCompPeso><codProdotto>NAM10</codProdotto><codSacco></codSacco><dtProduzione>2020-11-24T08:10:34+01:00</dtProduzione><idProcesso>139697</idProcesso><pesoRealeSacco>28658</pesoRealeSacco></daInserire><daInserire xmlns:xsi="http://www.w3.org/2001/XMLSchema-instance" xsi:type="processoOri"><cliente>ITKINA</cliente><codChimica>CHIMICA_INTERNA</codChimica><codCompPeso>76_43330.86_19279.87_18516.84_30283</codCompPeso><codProdotto>NAM10</codProdotto><codSacco></codSacco><dtProduzione>2020-11-24T08:11:06+01:00</dtProduzione><idProcesso>139698</idProcesso><pesoRealeSacco>28053</pesoRealeSacco></daInserire><daInserire xmlns:xsi="http://www.w3.org/2001/XMLSchema-instance" xsi:type="processoOri"><cliente>ITKINA</cliente><codChimica>CHIMICA_INTERNA</codChimica><codCompPeso>76_43330.86_19279.87_18516.84_30283</codCompPeso><codProdotto>NAM10</codProdotto><codSacco></codSacco><dtProduzione>2020-11-24T08:11:44+01:00</dtProduzione><idProcesso>139699</idProcesso><pesoRealeSacco>27877</pesoRealeSacco></daInserire><daInserire xmlns:xsi="http://www.w3.org/2001/XMLSchema-instance" xsi:type="processoOri"><cliente>ITKINA</cliente><codChimica>CHIMICA_INTERNA</codChimica><codCompPeso>76_43661.86_19255.87_18844.84_30306</codCompPeso><codProdotto>NAM10</codProdotto><codSacco></codSacco><dtProduzione>2020-11-24T08:16:37+01:00</dtProduzione><idProcesso>139700</idProcesso><pesoRealeSacco>28485</pesoRealeSacco></daInserire><daInserire xmlns:xsi="http://www.w3.org/2001/XMLSchema-instance" xsi:type="processoOri"><cliente>ITKINA</cliente><codChimica>CHIMICA_INTERNA</codChimica><codCompPeso>76_43661.86_19255.87_18844.84_30306</codCompPeso><codProdotto>NAM10</codProdotto><codSacco></codSacco><dtProduzione>2020-11-24T08:17:12+01:00</dtProduzione><idProcesso>139701</idProcesso><pesoRealeSacco>28929</pesoRealeSacco></daInserire><daInserire xmlns:xsi="http://www.w3.org/2001/XMLSchema-instance" xsi:type="processoOri"><cliente>ITKINA</cliente><codChimica>CHIMICA_INTERNA</codChimica><codCompPeso>76_43661.86_19255.87_18844.84_30306</codCompPeso><codProdotto>NAM10</codProdotto><codSacco></codSacco><dtProduzione>2020-11-24T08:17:47+01:00</dtProduzione><idProcesso>139702</idProcesso><pesoRealeSacco>28533</pesoRealeSacco></daInserire><daInserire xmlns:xsi="http://www.w3.org/2001/XMLSchema-instance" xsi:type="processoOri"><cliente>ITKINA</cliente><codChimica>CHIMICA_INTERNA</codChimica><codCompPeso>76_43661.86_19255.87_18844.84_30306</codCompPeso><codProdotto>NAM10</codProdotto><codSacco></codSacco><dtProduzione>2020-11-24T08:18:22+01:00</dtProduzione><idProcesso>139703</idProcesso><pesoRealeSacco>28766</pesoRealeSacco></daInserire><daInserire xmlns:xsi="http://www.w3.org/2001/XMLSchema-instance" xsi:type="processoOri"><cliente>ITKINA</cliente><codChimica>CHIMICA_INTERNA</codChimica><codCompPeso>76_43468.86_18952.87_18930.84_30276</codCompPeso><codProdotto>NAM10</codProdotto><codSacco></codSacco><dtProduzione>2020-11-24T08:20:34+01:00</dtProduzione><idProcesso>139704</idProcesso><pesoRealeSacco>28749</pesoRealeSacco></daInserire><daInserire xmlns:xsi="http://www.w3.org/2001/XMLSchema-instance" xsi:type="processoOri"><cliente>ITKINA</cliente><codChimica>CHIMICA_INTERNA</codChimica><codCompPeso>76_43468.86_18952.87_18930.84_30276</codCompPeso><codProdotto>NAM10</codProdotto><codSacco></codSacco><dtProduzione>2020-11-24T08:21:05+01:00</dtProduzione><idProcesso>139705</idProcesso><pesoRealeSacco>28627</pesoRealeSacco></daInserire><daInserire xmlns:xsi="http://www.w3.org/2001/XMLSchema-instance" xsi:type="processoOri"><cliente>ITKINA</cliente><codChimica>CHIMICA_INTERNA</codChimica><codCompPeso>76_43468.86_18952.87_18930.84_30276</codCompPeso><codProdotto>NAM10</codProdotto><codSacco></codSacco><dtProduzione>2020-11-24T08:21:40+01:00</dtProduzione><idProcesso>139706</idProcesso><pesoRealeSacco>28388</pesoRealeSacco></daInserire><daInserire xmlns:xsi="http://www.w3.org/2001/XMLSchema-instance" xsi:type="processoOri"><cliente>ITKINA</cliente><codChimica>CHIMICA_INTERNA</codChimica><codCompPeso>76_43468.86_18952.87_18930.84_30276</codCompPeso><codProdotto>NAM10</codProdotto><codSacco></codSacco><dtProduzione>2020-11-24T08:22:12+01:00</dtProduzione><idProcesso>139707</idProcesso><pesoRealeSacco>27514</pesoRealeSacco></daInserire><daInserire xmlns:xsi="http://www.w3.org/2001/XMLSchema-instance" xsi:type="processoOri"><cliente>ITKINA</cliente><codChimica>CHIMICA_INTERNA</codChimica><codCompPeso>76_42960.86_19088.87_18928.84_30198</codCompPeso><codProdotto>NAM10</codProdotto><codSacco></codSacco><dtProduzione>2020-11-24T08:35:33+01:00</dtProduzione><idProcesso>139708</idProcesso><pesoRealeSacco>28535</pesoRealeSacco></daInserire><daInserire xmlns:xsi="http://www.w3.org/2001/XMLSchema-instance" xsi:type="processoOri"><cliente>ITKINA</cliente><codChimica>CHIMICA_INTERNA</codChimica><codCompPeso>76_42960.86_19088.87_18928.84_30198</codCompPeso><codProdotto>NAM10</codProdotto><codSacco></codSacco><dtProduzione>2020-11-24T08:36:06+01:00</dtProduzione><idProcesso>139709</idProcesso><pesoRealeSacco>28833</pesoRealeSacco></daInserire><daInserire xmlns:xsi="http://www.w3.org/2001/XMLSchema-instance" xsi:type="processoOri"><cliente>ITKINA</cliente><codChimica>CHIMICA_INTERNA</codChimica><codCompPeso>76_42960.86_19088.87_18928.84_30198</codCompPeso><codProdotto>NAM10</codProdotto><codSacco></codSacco><dtProduzione>2020-11-24T08:36:41+01:00</dtProduzione><idProcesso>139710</idProcesso><pesoRealeSacco>28511</pesoRealeSacco></daInserire><daInserire xmlns:xsi="http://www.w3.org/2001/XMLSchema-instance" xsi:type="processoOri"><cliente>ITKINA</cliente><codChimica>CHIMICA_INTERNA</codChimica><codCompPeso>76_42960.86_19088.87_18928.84_30198</codCompPeso><codProdotto>NAM10</codProdotto><codSacco></codSacco><dtProduzione>2020-11-24T08:37:19+01:00</dtProduzione><idProcesso>139711</idProcesso><pesoRealeSacco>28249</pesoRealeSacco></daInserire><daInserire xmlns:xsi="http://www.w3.org/2001/XMLSchema-instance" xsi:type="processoOri"><cliente>ITKINA</cliente><codChimica>CHIMICA_INTERNA</codChimica><codCompPeso>76_44224.86_19127.87_18927.84_30342</codCompPeso><codProdotto>NAM10</codProdotto><codSacco></codSacco><dtProduzione>2020-11-24T08:44:32+01:00</dtProduzione><idProcesso>139712</idProcesso><pesoRealeSacco>28103</pesoRealeSacco></daInserire><daInserire xmlns:xsi="http://www.w3.org/2001/XMLSchema-instance" xsi:type="processoOri"><cliente>ITKINA</cliente><codChimica>CHIMICA_INTERNA</codChimica><codCompPeso>76_44224.86_19127.87_18927.84_30342</codCompPeso><codProdotto>NAM10</codProdotto><codSacco></codSacco><dtProduzione>2020-11-24T08:46:51+01:00</dtProduzione><idProcesso>139713</idProcesso><pesoRealeSacco>28259</pesoRealeSacco></daInserire><daInserire xmlns:xsi="http://www.w3.org/2001/XMLSchema-instance" xsi:type="processoOri"><cliente>ITKINA</cliente><codChimica>CHIMICA_INTERNA</codChimica><codCompPeso>76_44224.86_19127.87_18927.84_30342</codCompPeso><codProdotto>NAM10</codProdotto><codSacco></codSacco><dtProduzione>2020-11-24T08:47:24+01:00</dtProduzione><idProcesso>139714</idProcesso><pesoRealeSacco>28337</pesoRealeSacco></daInserire><daInserire xmlns:xsi="http://www.w3.org/2001/XMLSchema-instance" xsi:type="processoOri"><cliente>ITKINA</cliente><codChimica>CHIMICA_INTERNA</codChimica><codCompPeso>76_44224.86_19127.87_18927.84_30342</codCompPeso><codProdotto>NAM10</codProdotto><codSacco></codSacco><dtProduzione>2020-11-24T08:47:57+01:00</dtProduzione><idProcesso>139715</idProcesso><pesoRealeSacco>27616</pesoRealeSacco></daInserire><daInserire xmlns:xsi="http://www.w3.org/2001/XMLSchema-instance" xsi:type="processoOri"><cliente>ITKINA</cliente><codChimica>CHIMICA_INTERNA</codChimica><codCompPeso>76_44226.86_19070.87_18826.84_30062</codCompPeso><codProdotto>NAM10</codProdotto><codSacco></codSacco><dtProduzione>2020-11-24T08:50:00+01:00</dtProduzione><idProcesso>139716</idProcesso><pesoRealeSacco>28560</pesoRealeSacco></daInserire><daInserire xmlns:xsi="http://www.w3.org/2001/XMLSchema-instance" xsi:type="processoOri"><cliente>ITKINA</cliente><codChimica>CHIMICA_INTERNA</codChimica><codCompPeso>76_44226.86_19070.87_18826.84_30062</codCompPeso><codProdotto>NAM10</codProdotto><codSacco></codSacco><dtProduzione>2020-11-24T08:50:32+01:00</dtProduzione><idProcesso>139717</idProcesso><pesoRealeSacco>29582</pesoRealeSacco></daInserire><daInserire xmlns:xsi="http://www.w3.org/2001/XMLSchema-instance" xsi:type="processoOri"><cliente>ITKINA</cliente><codChimica>CHIMICA_INTERNA</codChimica><codCompPeso>76_44226.86_19070.87_18826.84_30062</codCompPeso><codProdotto>NAM10</codProdotto><codSacco></codSacco><dtProduzione>2020-11-24T08:51:06+01:00</dtProduzione><idProcesso>139718</idProcesso><pesoRealeSacco>28720</pesoRealeSacco></daInserire><daInserire xmlns:xsi="http://www.w3.org/2001/XMLSchema-instance" xsi:type="processoOri"><cliente>ITKINA</cliente><codChimica>CHIMICA_INTERNA</codChimica><codCompPeso>76_44226.86_19070.87_18826.84_30062</codCompPeso><codProdotto>NAM10</codProdotto><codSacco></codSacco><dtProduzione>2020-11-24T08:51:41+01:00</dtProduzione><idProcesso>139719</idProcesso><pesoRealeSacco>28801</pesoRealeSacco></daInserire><daInserire xmlns:xsi="http://www.w3.org/2001/XMLSchema-instance" xsi:type="processoOri"><cliente>ITKINA</cliente><codChimica>CHIMICA_INTERNA</codChimica><codCompPeso>76_44388.86_19036.87_18876.84_30361</codCompPeso><codProdotto>NAM10</codProdotto><codSacco></codSacco><dtProduzione>2020-11-24T09:06:25+01:00</dtProduzione><idProcesso>139720</idProcesso><pesoRealeSacco>28592</pesoRealeSacco></daInserire><daInserire xmlns:xsi="http://www.w3.org/2001/XMLSchema-instance" xsi:type="processoOri"><cliente>ITKINA</cliente><codChimica>CHIMICA_INTERNA</codChimica><codCompPeso>76_44388.86_19036.87_18876.84_30361</codCompPeso><codProdotto>NAM10</codProdotto><codSacco></codSacco><dtProduzione>2020-11-24T09:06:58+01:00</dtProduzione><idProcesso>139721</idProcesso><pesoRealeSacco>29479</pesoRealeSacco></daInserire><daInserire xmlns:xsi="http://www.w3.org/2001/XMLSchema-instance" xsi:type="processoOri"><cliente>ITKINA</cliente><codChimica>CHIMICA_INTERNA</codChimica><codCompPeso>76_44388.86_19036.87_18876.84_30361</codCompPeso><codProdotto>NAM10</codProdotto><codSacco></codSacco><dtProduzione>2020-11-24T09:07:33+01:00</dtProduzione><idProcesso>139722</idProcesso><pesoRealeSacco>28232</pesoRealeSacco></daInserire><daInserire xmlns:xsi="http://www.w3.org/2001/XMLSchema-instance" xsi:type="processoOri"><cliente>ITKINA</cliente><codChimica>CHIMICA_INTERNA</codChimica><codCompPeso>76_44388.86_19036.87_18876.84_30361</codCompPeso><codProdotto>NAM10</codProdotto><codSacco></codSacco><dtProduzione>2020-11-24T09:08:09+01:00</dtProduzione><idProcesso>139723</idProcesso><pesoRealeSacco>27718</pesoRealeSacco></daInserire><daInserire xmlns:xsi="http://www.w3.org/2001/XMLSchema-instance" xsi:type="processoOri"><cliente>ITKINA</cliente><codChimica>CHIMICA_INTERNA</codChimica><codCompPeso>76_44298.86_19096.87_18929.84_30238</codCompPeso><codProdotto>NAM10</codProdotto><codSacco></codSacco><dtProduzione>2020-11-24T09:13:12+01:00</dtProduzione><idProcesso>139724</idProcesso><pesoRealeSacco>28441</pesoRealeSacco></daInserire><daInserire xmlns:xsi="http://www.w3.org/2001/XMLSchema-instance" xsi:type="processoOri"><cliente>ITKINA</cliente><codChimica>CHIMICA_INTERNA</codChimica><codCompPeso>76_44298.86_19096.87_18929.84_30238</codCompPeso><codProdotto>NAM10</codProdotto><codSacco></codSacco><dtProduzione>2020-11-24T09:13:47+01:00</dtProduzione><idProcesso>139725</idProcesso><pesoRealeSacco>28460</pesoRealeSacco></daInserire><daInserire xmlns:xsi="http://www.w3.org/2001/XMLSchema-instance" xsi:type="processoOri"><cliente>ITKINA</cliente><codChimica>CHIMICA_INTERNA</codChimica><codCompPeso>76_44298.86_19096.87_18929.84_30238</codCompPeso><codProdotto>NAM10</codProdotto><codSacco></codSacco><dtProduzione>2020-11-24T09:14:21+01:00</dtProduzione><idProcesso>139726</idProcesso><pesoRealeSacco>28606</pesoRealeSacco></daInserire><daInserire xmlns:xsi="http://www.w3.org/2001/XMLSchema-instance" xsi:type="processoOri"><cliente>ITKINA</cliente><codChimica>CHIMICA_INTERNA</codChimica><codCompPeso>76_44298.86_19096.87_18929.84_30238</codCompPeso><codProdotto>NAM10</codProdotto><codSacco></codSacco><dtProduzione>2020-11-24T09:14:58+01:00</dtProduzione><idProcesso>139727</idProcesso><pesoRealeSacco>28529</pesoRealeSacco></daInserire><daInserire xmlns:xsi="http://www.w3.org/2001/XMLSchema-instance" xsi:type="processoOri"><cliente>ITKINA</cliente><codChimica>CHIMICA_INTERNA</codChimica><codCompPeso>76_43434.86_19246.87_18906.84_30397</codCompPeso><codProdotto>NAM10</codProdotto><codSacco></codSacco><dtProduzione>2020-11-24T09:17:06+01:00</dtProduzione><idProcesso>139728</idProcesso><pesoRealeSacco>28497</pesoRealeSacco></daInserire><daInserire xmlns:xsi="http://www.w3.org/2001/XMLSchema-instance" xsi:type="processoOri"><cliente>ITKINA</cliente><codChimica>CHIMICA_INTERNA</codChimica><codCompPeso>76_43434.86_19246.87_18906.84_30397</codCompPeso><codProdotto>NAM10</codProdotto><codSacco></codSacco><dtProduzione>2020-11-24T09:18:14+01:00</dtProduzione><idProcesso>139729</idProcesso><pesoRealeSacco>28570</pesoRealeSacco></daInserire><daInserire xmlns:xsi="http://www.w3.org/2001/XMLSchema-instance" xsi:type="processoOri"><cliente>ITKINA</cliente><codChimica>CHIMICA_INTERNA</codChimica><codCompPeso>76_43434.86_19246.87_18906.84_30397</codCompPeso><codProdotto>NAM10</codProdotto><codSacco></codSacco><dtProduzione>2020-11-24T09:18:45+01:00</dtProduzione><idProcesso>139730</idProcesso><pesoRealeSacco>28679</pesoRealeSacco></daInserire><daInserire xmlns:xsi="http://www.w3.org/2001/XMLSchema-instance" xsi:type="processoOri"><cliente>ITKINA</cliente><codChimica>CHIMICA_INTERNA</codChimica><codCompPeso>76_43434.86_19246.87_18906.84_30397</codCompPeso><codProdotto>NAM10</codProdotto><codSacco></codSacco><dtProduzione>2020-11-24T09:19:17+01:00</dtProduzione><idProcesso>139731</idProcesso><pesoRealeSacco>29382</pesoRealeSacco></daInserire><daInserire xmlns:xsi="http://www.w3.org/2001/XMLSchema-instance" xsi:type="processoOri"><cliente>ITKINA</cliente><codChimica>CHIMICA_INTERNA</codChimica><codCompPeso>76_43434.86_19246.87_18906.84_30397</codCompPeso><codProdotto>NAM10</codProdotto><codSacco></codSacco><dtProduzione>2020-11-24T09:20:12+01:00</dtProduzione><idProcesso>139732</idProcesso><pesoRealeSacco>28424</pesoRealeSacco></daInserire><daInserire xmlns:xsi="http://www.w3.org/2001/XMLSchema-instance" xsi:type="processoOri"><cliente>ITKINA</cliente><codChimica>CHIMICA_INTERNA</codChimica><codCompPeso>76_28762.86_19387.87_18927.84_30144</codCompPeso><codProdotto>NAM10</codProdotto><codSacco></codSacco><dtProduzione>2020-11-24T09:49:12+01:00</dtProduzione><idProcesso>139733</idProcesso><pesoRealeSacco>29041</pesoRealeSacco></daInserire><daInserire xmlns:xsi="http://www.w3.org/2001/XMLSchema-instance" xsi:type="processoOri"><cliente>ITKINA</cliente><codChimica>CHIMICA_INTERNA</codChimica><codCompPeso>76_28762.86_19387.87_18927.84_30144</codCompPeso><codProdotto>NAM10</codProdotto><codSacco></codSacco><dtProduzione>2020-11-24T09:49:42+01:00</dtProduzione><idProcesso>139734</idProcesso><pesoRealeSacco>28664</pesoRealeSacco></daInserire><daInserire xmlns:xsi="http://www.w3.org/2001/XMLSchema-instance" xsi:type="processoOri"><cliente>ITKINA</cliente><codChimica>CHIMICA_INTERNA</codChimica><codCompPeso>76_28762.86_19387.87_18927.84_30144</codCompPeso><codProdotto>NAM10</codProdotto><codSacco></codSacco><dtProduzione>2020-11-24T09:50:15+01:00</dtProduzione><idProcesso>139735</idProcesso><pesoRealeSacco>27602</pesoRealeSacco></daInserire><daInserire xmlns:xsi="http://www.w3.org/2001/XMLSchema-instance" xsi:type="processoOri"><cliente>ITKINA</cliente><codChimica>CHIMICA_INTERNA</codChimica><codCompPeso>76_28762.86_19387.87_18927.84_30144</codCompPeso><codProdotto>NAM10</codProdotto><codSacco></codSacco><dtProduzione>2020-11-24T09:50:51+01:00</dtProduzione><idProcesso>139736</idProcesso><pesoRealeSacco>28755</pesoRealeSacco></daInserire><daInserire xmlns:xsi="http://www.w3.org/2001/XMLSchema-instance" xsi:type="processoOri"><cliente>ITKINA</cliente><codChimica>CHIMICA_INTERNA</codChimica><codCompPeso>76_42554.86_19121.87_18984.84_30353</codCompPeso><codProdotto>NAM10</codProdotto><codSacco></codSacco><dtProduzione>2020-11-24T11:01:28+01:00</dtProduzione><idProcesso>139737</idProcesso><pesoRealeSacco>28486</pesoRealeSacco></daInserire><daInserire xmlns:xsi="http://www.w3.org/2001/XMLSchema-instance" xsi:type="processoOri"><cliente>ITKINA</cliente><codChimica>CHIMICA_INTERNA</codChimica><codCompPeso>76_42554.86_19121.87_18984.84_30353</codCompPeso><codProdotto>NAM10</codProdotto><codSacco></codSacco><dtProduzione>2020-11-24T11:02:02+01:00</dtProduzione><idProcesso>139738</idProcesso><pesoRealeSacco>29203</pesoRealeSacco></daInserire><daInserire xmlns:xsi="http://www.w3.org/2001/XMLSchema-instance" xsi:type="processoOri"><cliente>ITKINA</cliente><codChimica>CHIMICA_INTERNA</codChimica><codCompPeso>76_42554.86_19121.87_18984.84_30353</codCompPeso><codProdotto>NAM10</codProdotto><codSacco></codSacco><dtProduzione>2020-11-24T11:02:34+01:00</dtProduzione><idProcesso>139739</idProcesso><pesoRealeSacco>27264</pesoRealeSacco></daInserire><daInserire xmlns:xsi="http://www.w3.org/2001/XMLSchema-instance" xsi:type="processoOri"><cliente>ITKINA</cliente><codChimica>CHIMICA_INTERNA</codChimica><codCompPeso>76_42554.86_19121.87_18984.84_30353</codCompPeso><codProdotto>NAM10</codProdotto><codSacco></codSacco><dtProduzione>2020-11-24T11:03:10+01:00</dtProduzione><idProcesso>139740</idProcesso><pesoRealeSacco>27989</pesoRealeSacco></daInserire><daInserire xmlns:xsi="http://www.w3.org/2001/XMLSchema-instance" xsi:type="processoOri"><cliente>ITKINA</cliente><codChimica>CHIMICA_INTERNA</codChimica><codCompPeso>76_43828.86_19175.87_18881.84_30137</codCompPeso><codProdotto>NAM10</codProdotto><codSacco></codSacco><dtProduzione>2020-11-24T11:07:23+01:00</dtProduzione><idProcesso>139741</idProcesso><pesoRealeSacco>28083</pesoRealeSacco></daInserire><daInserire xmlns:xsi="http://www.w3.org/2001/XMLSchema-instance" xsi:type="processoOri"><cliente>ITKINA</cliente><codChimica>CHIMICA_INTERNA</codChimica><codCompPeso>76_43828.86_19175.87_18881.84_30137</codCompPeso><codProdotto>NAM10</codProdotto><codSacco></codSacco><dtProduzione>2020-11-24T11:07:50+01:00</dtProduzione><idProcesso>139742</idProcesso><pesoRealeSacco>27905</pesoRealeSacco></daInserire><daInserire xmlns:xsi="http://www.w3.org/2001/XMLSchema-instance" xsi:type="processoOri"><cliente>ITKINA</cliente><codChimica>CHIMICA_INTERNA</codChimica><codCompPeso>76_43828.86_19175.87_18881.84_30137</codCompPeso><codProdotto>NAM10</codProdotto><codSacco></codSacco><dtProduzione>2020-11-24T11:08:18+01:00</dtProduzione><idProcesso>139743</idProcesso><pesoRealeSacco>27743</pesoRealeSacco></daInserire><daInserire xmlns:xsi="http://www.w3.org/2001/XMLSchema-instance" xsi:type="processoOri"><cliente>ITKINA</cliente><codChimica>CHIMICA_INTERNA</codChimica><codCompPeso>76_43828.86_19175.87_18881.84_30137</codCompPeso><codProdotto>NAM10</codProdotto><codSacco></codSacco><dtProduzione>2020-11-24T11:08:49+01:00</dtProduzione><idProcesso>139744</idProcesso><pesoRealeSacco>27917</pesoRealeSacco></daInserire><daInserire xmlns:xsi="http://www.w3.org/2001/XMLSchema-instance" xsi:type="processoOri"><cliente>ITKINA</cliente><codChimica>CHIMICA_INTERNA</codChimica><codCompPeso>76_42978.86_18967.87_18852.84_30809</codCompPeso><codProdotto>NAM10</codProdotto><codSacco></codSacco><dtProduzione>2020-11-24T11:12:35+01:00</dtProduzione><idProcesso>139745</idProcesso><pesoRealeSacco>27603</pesoRealeSacco></daInserire><daInserire xmlns:xsi="http://www.w3.org/2001/XMLSchema-instance" xsi:type="processoOri"><cliente>ITKINA</cliente><codChimica>CHIMICA_INTERNA</codChimica><codCompPeso>76_42978.86_18967.87_18852.84_30809</codCompPeso><codProdotto>NAM10</codProdotto><codSacco></codSacco><dtProduzione>2020-11-24T11:13:01+01:00</dtProduzione><idProcesso>139746</idProcesso><pesoRealeSacco>27637</pesoRealeSacco></daInserire><daInserire xmlns:xsi="http://www.w3.org/2001/XMLSchema-instance" xsi:type="processoOri"><cliente>ITKINA</cliente><codChimica>CHIMICA_INTERNA</codChimica><codCompPeso>76_42978.86_18967.87_18852.84_30809</codCompPeso><codProdotto>NAM10</codProdotto><codSacco></codSacco><dtProduzione>2020-11-24T11:13:31+01:00</dtProduzione><idProcesso>139747</idProcesso><pesoRealeSacco>27933</pesoRealeSacco></daInserire><daInserire xmlns:xsi="http://www.w3.org/2001/XMLSchema-instance" xsi:type="processoOri"><cliente>ITKINA</cliente><codChimica>CHIMICA_INTERNA</codChimica><codCompPeso>76_42978.86_18967.87_18852.84_30809</codCompPeso><codProdotto>NAM10</codProdotto><codSacco></codSacco><dtProduzione>2020-11-24T11:14:03+01:00</dtProduzione><idProcesso>139748</idProcesso><pesoRealeSacco>27776</pesoRealeSacco></daInserire><daInserire xmlns:xsi="http://www.w3.org/2001/XMLSchema-instance" xsi:type="processoOri"><cliente>ITKINA</cliente><codChimica>CHIMICA_INTERNA</codChimica><codCompPeso>76_43115.86_19155.87_18896.84_30256</codCompPeso><codProdotto>NAM10</codProdotto><codSacco></codSacco><dtProduzione>2020-11-24T11:19:47+01:00</dtProduzione><idProcesso>139749</idProcesso><pesoRealeSacco>27796</pesoRealeSacco></daInserire><daInserire xmlns:xsi="http://www.w3.org/2001/XMLSchema-instance" xsi:type="processoOri"><cliente>ITKINA</cliente><codChimica>CHIMICA_INTERNA</codChimica><codCompPeso>76_43115.86_19155.87_18896.84_30256</codCompPeso><codProdotto>NAM10</codProdotto><codSacco></codSacco><dtProduzione>2020-11-24T11:20:16+01:00</dtProduzione><idProcesso>139750</idProcesso><pesoRealeSacco>27869</pesoRealeSacco></daInserire><daInserire xmlns:xsi="http://www.w3.org/2001/XMLSchema-instance" xsi:type="processoOri"><cliente>ITKINA</cliente><codChimica>CHIMICA_INTERNA</codChimica><codCompPeso>76_43115.86_19155.87_18896.84_30256</codCompPeso><codProdotto>NAM10</codProdotto><codSacco></codSacco><dtProduzione>2020-11-24T11:20:44+01:00</dtProduzione><idProcesso>139751</idProcesso><pesoRealeSacco>28081</pesoRealeSacco></daInserire><daInserire xmlns:xsi="http://www.w3.org/2001/XMLSchema-instance" xsi:type="processoOri"><cliente>ITKINA</cliente><codChimica>CHIMICA_INTERNA</codChimica><codCompPeso>76_43115.86_19155.87_18896.84_30256</codCompPeso><codProdotto>NAM10</codProdotto><codSacco></codSacco><dtProduzione>2020-11-24T11:21:12+01:00</dtProduzione><idProcesso>139752</idProcesso><pesoRealeSacco>27324</pesoRealeSacco></daInserire><daInserire xmlns:xsi="http://www.w3.org/2001/XMLSchema-instance" xsi:type="processoOri"><cliente>ITKINA</cliente><codChimica>CHIMICA_INTERNA</codChimica><codCompPeso>76_43675.86_19464.87_18860.84_30125</codCompPeso><codProdotto>NAM10</codProdotto><codSacco></codSacco><dtProduzione>2020-11-24T12:08:32+01:00</dtProduzione><idProcesso>139753</idProcesso><pesoRealeSacco>28037</pesoRealeSacco></daInserire><daInserire xmlns:xsi="http://www.w3.org/2001/XMLSchema-instance" xsi:type="processoOri"><cliente>ITKINA</cliente><codChimica>CHIMICA_INTERNA</codChimica><codCompPeso>76_43675.86_19464.87_18860.84_30125</codCompPeso><codProdotto>NAM10</codProdotto><codSacco></codSacco><dtProduzione>2020-11-24T12:09:01+01:00</dtProduzione><idProcesso>139754</idProcesso><pesoRealeSacco>29782</pesoRealeSacco></daInserire><daInserire xmlns:xsi="http://www.w3.org/2001/XMLSchema-instance" xsi:type="processoOri"><cliente>ITKINA</cliente><codChimica>CHIMICA_INTERNA</codChimica><codCompPeso>76_43675.86_19464.87_18860.84_30125</codCompPeso><codProdotto>NAM10</codProdotto><codSacco></codSacco><dtProduzione>2020-11-24T12:09:32+01:00</dtProduzione><idProcesso>139755</idProcesso><pesoRealeSacco>27547</pesoRealeSacco></daInserire><daInserire xmlns:xsi="http://www.w3.org/2001/XMLSchema-instance" xsi:type="processoOri"><cliente>ITKINA</cliente><codChimica>CHIMICA_INTERNA</codChimica><codCompPeso>76_43675.86_19464.87_18860.84_30125</codCompPeso><codProdotto>NAM10</codProdotto><codSacco></codSacco><dtProduzione>2020-11-24T12:10:02+01:00</dtProduzione><idProcesso>139756</idProcesso><pesoRealeSacco>27653</pesoRealeSacco></daInserire><daInserire xmlns:xsi="http://www.w3.org/2001/XMLSchema-instance" xsi:type="processoOri"><cliente>ITKINA</cliente><codChimica>CHIMICA_INTERNA</codChimica><codCompPeso>76_43486.86_19020.87_18699.84_30287</codCompPeso><codProdotto>NAM10</codProdotto><codSacco></codSacco><dtProduzione>2020-11-24T12:14:08+01:00</dtProduzione><idProcesso>139757</idProcesso><pesoRealeSacco>27307</pesoRealeSacco></daInserire><daInserire xmlns:xsi="http://www.w3.org/2001/XMLSchema-instance" xsi:type="processoOri"><cliente>ITKINA</cliente><codChimica>CHIMICA_INTERNA</codChimica><codCompPeso>76_43486.86_19020.87_18699.84_30287</codCompPeso><codProdotto>NAM10</codProdotto><codSacco></codSacco><dtProduzione>2020-11-24T12:14:37+01:00</dtProduzione><idProcesso>139758</idProcesso><pesoRealeSacco>28514</pesoRealeSacco></daInserire><daInserire xmlns:xsi="http://www.w3.org/2001/XMLSchema-instance" xsi:type="processoOri"><cliente>ITKINA</cliente><codChimica>CHIMICA_INTERNA</codChimica><codCompPeso>76_43486.86_19020.87_18699.84_30287</codCompPeso><codProdotto>NAM10</codProdotto><codSacco></codSacco><dtProduzione>2020-11-24T12:15:08+01:00</dtProduzione><idProcesso>139759</idProcesso><pesoRealeSacco>28130</pesoRealeSacco></daInserire><daInserire xmlns:xsi="http://www.w3.org/2001/XMLSchema-instance" xsi:type="processoOri"><cliente>ITKINA</cliente><codChimica>CHIMICA_INTERNA</codChimica><codCompPeso>76_43486.86_19020.87_18699.84_30287</codCompPeso><codProdotto>NAM10</codProdotto><codSacco></codSacco><dtProduzione>2020-11-24T12:15:37+01:00</dtProduzione><idProcesso>139760</idProcesso><pesoRealeSacco>27557</pesoRealeSacco></daInserire><daInserire xmlns:xsi="http://www.w3.org/2001/XMLSchema-instance" xsi:type="processoOri"><cliente>ITKINA</cliente><codChimica>CHIMICA_INTERNA</codChimica><codCompPeso>76_44232.86_19087.87_18746.84_30085</codCompPeso><codProdotto>NAM10</codProdotto><codSacco></codSacco><dtProduzione>2020-11-24T12:18:59+01:00</dtProduzione><idProcesso>139761</idProcesso><pesoRealeSacco>28120</pesoRealeSacco></daInserire><daInserire xmlns:xsi="http://www.w3.org/2001/XMLSchema-instance" xsi:type="processoOri"><cliente>ITKINA</cliente><codChimica>CHIMICA_INTERNA</codChimica><codCompPeso>76_44232.86_19087.87_18746.84_30085</codCompPeso><codProdotto>NAM10</codProdotto><codSacco></codSacco><dtProduzione>2020-11-24T12:19:24+01:00</dtProduzione><idProcesso>139762</idProcesso><pesoRealeSacco>27829</pesoRealeSacco></daInserire><daInserire xmlns:xsi="http://www.w3.org/2001/XMLSchema-instance" xsi:type="processoOri"><cliente>ITKINA</cliente><codChimica>CHIMICA_INTERNA</codChimica><codCompPeso>76_44232.86_19087.87_18746.84_30085</codCompPeso><codProdotto>NAM10</codProdotto><codSacco></codSacco><dtProduzione>2020-11-24T12:19:55+01:00</dtProduzione><idProcesso>139763</idProcesso><pesoRealeSacco>29079</pesoRealeSacco></daInserire><daInserire xmlns:xsi="http://www.w3.org/2001/XMLSchema-instance" xsi:type="processoOri"><cliente>ITKINA</cliente><codChimica>CHIMICA_INTERNA</codChimica><codCompPeso>76_44232.86_19087.87_18746.84_30085</codCompPeso><codProdotto>NAM10</codProdotto><codSacco></codSacco><dtProduzione>2020-11-24T12:20:29+01:00</dtProduzione><idProcesso>139764</idProcesso><pesoRealeSacco>27668</pesoRealeSacco></daInserire><daInserire xmlns:xsi="http://www.w3.org/2001/XMLSchema-instance" xsi:type="processoOri"><cliente>ITKINA</cliente><codChimica>CHIMICA_INTERNA</codChimica><codCompPeso>76_44372.86_19029.87_18810.84_30331</codCompPeso><codProdotto>NAM10</codProdotto><codSacco></codSacco><dtProduzione>2020-11-24T12:23:58+01:00</dtProduzione><idProcesso>139765</idProcesso><pesoRealeSacco>27612</pesoRealeSacco></daInserire><daInserire xmlns:xsi="http://www.w3.org/2001/XMLSchema-instance" xsi:type="processoOri"><cliente>ITKINA</cliente><codChimica>CHIMICA_INTERNA</codChimica><codCompPeso>76_44372.86_19029.87_18810.84_30331</codCompPeso><codProdotto>NAM10</codProdotto><codSacco></codSacco><dtProduzione>2020-11-24T12:24:24+01:00</dtProduzione><idProcesso>139766</idProcesso><pesoRealeSacco>27827</pesoRealeSacco></daInserire><daInserire xmlns:xsi="http://www.w3.org/2001/XMLSchema-instance" xsi:type="processoOri"><cliente>ITKINA</cliente><codChimica>CHIMICA_INTERNA</codChimica><codCompPeso>76_44372.86_19029.87_18810.84_30331</codCompPeso><codProdotto>NAM10</codProdotto><codSacco></codSacco><dtProduzione>2020-11-24T12:25:00+01:00</dtProduzione><idProcesso>139767</idProcesso><pesoRealeSacco>27344</pesoRealeSacco></daInserire><daInserire xmlns:xsi="http://www.w3.org/2001/XMLSchema-instance" xsi:type="processoOri"><cliente>ITKINA</cliente><codChimica>CHIMICA_INTERNA</codChimica><codCompPeso>76_44372.86_19029.87_18810.84_30331</codCompPeso><codProdotto>NAM10</codProdotto><codSacco></codSacco><dtProduzione>2020-11-24T12:25:27+01:00</dtProduzione><idProcesso>139768</idProcesso><pesoRealeSacco>28166</pesoRealeSacco></daInserire><daInserire xmlns:xsi="http://www.w3.org/2001/XMLSchema-instance" xsi:type="processoOri"><cliente>ITKINA</cliente><codChimica>CHIMICA_INTERNA</codChimica><codCompPeso>76_43092.86_19288.87_18847.84_30279</codCompPeso><codProdotto>NAM10</codProdotto><codSacco></codSacco><dtProduzione>2020-11-24T13:13:31+01:00</dtProduzione><idProcesso>139769</idProcesso><pesoRealeSacco>28850</pesoRealeSacco></daInserire><daInserire xmlns:xsi="http://www.w3.org/2001/XMLSchema-instance" xsi:type="processoOri"><cliente>ITKINA</cliente><codChimica>CHIMICA_INTERNA</codChimica><codCompPeso>76_43092.86_19288.87_18847.84_30279</codCompPeso><codProdotto>NAM10</codProdotto><codSacco></codSacco><dtProduzione>2020-11-24T13:13:55+01:00</dtProduzione><idProcesso>139770</idProcesso><pesoRealeSacco>29007</pesoRealeSacco></daInserire><daInserire xmlns:xsi="http://www.w3.org/2001/XMLSchema-instance" xsi:type="processoOri"><cliente>ITKINA</cliente><codChimica>CHIMICA_INTERNA</codChimica><codCompPeso>76_43092.86_19288.87_18847.84_30279</codCompPeso><codProdotto>NAM10</codProdotto><codSacco></codSacco><dtProduzione>2020-11-24T13:14:21+01:00</dtProduzione><idProcesso>139771</idProcesso><pesoRealeSacco>28417</pesoRealeSacco></daInserire><daInserire xmlns:xsi="http://www.w3.org/2001/XMLSchema-instance" xsi:type="processoOri"><cliente>ITKINA</cliente><codChimica>CHIMICA_INTERNA</codChimica><codCompPeso>76_43092.86_19288.87_18847.84_30279</codCompPeso><codProdotto>NAM10</codProdotto><codSacco></codSacco><dtProduzione>2020-11-24T13:14:45+01:00</dtProduzione><idProcesso>139772</idProcesso><pesoRealeSacco>28326</pesoRealeSacco></daInserire><daInserire xmlns:xsi="http://www.w3.org/2001/XMLSchema-instance" xsi:type="valoreParSingMacOri"><abilitato>true</abilitato><dtAbilitato>2015-03-07T11:17:33+01:00</dtAbilitato><dtModificaMac>2020-11-24T13:14:45+01:00</dtModificaMac><dtValoreIniziale>1970-01-02T00:00:00+01:00</dtValoreIniziale><idParSm>15</idParSm><idValParSm>29338</idValParSm><valoreIniziale>0</valoreIniziale><valoreVariabile>11133</valoreVariabile></daInserire><daInserire xmlns:xsi="http://www.w3.org/2001/XMLSchema-instance" xsi:type="valoreParCompOri"><abilitato>true</abilitato><dtAbilitato>2020-03-23T08:05:44+01:00</dtAbilitato><dtModificaMac>2020-11-23T10:10:01+01:00</dtModificaMac><dtValoreIniziale>1970-01-02T00:00:00+01:00</dtValoreIniziale><idComp>70</idComp><idParComp>1</idParComp><idValComp>30668</idValComp><valoreIniziale>99</valoreIniziale><valoreVariabile>99</valoreVariabile></daInserire><daInserire xmlns:xsi="http://www.w3.org/2001/XMLSchema-instance" xsi:type="valoreParCompOri"><abilitato>true</abilitato><dtAbilitato>2019-09-02T07:46:34+02:00</dtAbilitato><dtModificaMac>2020-11-23T10:32:43+01:00</dtModificaMac><dtValoreIniziale>1970-01-02T00:00:00+01:00</dtValoreIniziale><idComp>74</idComp><idParComp>1</idParComp><idValComp>32712</idValComp><valoreIniziale>99</valoreIniziale><valoreVariabile>99</valoreVariabile></daInserire><daInserire xmlns:xsi="http://www.w3.org/2001/XMLSchema-instance" xsi:type="valoreParCompOri"><abilitato>true</abilitato><dtAbilitato>2020-01-27T10:57:45+01:00</dtAbilitato><dtModificaMac>2020-11-23T10:10:01+01:00</dtModificaMac><dtValoreIniziale>1970-01-02T00:00:00+01:00</dtValoreIniziale><idComp>76</idComp><idParComp>1</idParComp><idValComp>33734</idValComp><valoreIniziale>99</valoreIniziale><valoreVariabile>1</valoreVariabile></daInserire><daInserire xmlns:xsi="http://www.w3.org/2001/XMLSchema-instance" xsi:type="valoreParCompOri"><abilitato>true</abilitato><dtAbilitato>2018-12-19T15:44:57+01:00</dtAbilitato><dtModificaMac>2020-11-23T10:28:51+01:00</dtModificaMac><dtValoreIniziale>1970-01-02T00:00:00+01:00</dtValoreIniziale><idComp>80</idComp><idParComp>1</idParComp><idValComp>37773</idValComp><valoreIniziale>99</valoreIniziale><valoreVariabile>99</valoreVariabile></daInserire><daInserire xmlns:xsi="http://www.w3.org/2001/XMLSchema-instance" xsi:type="valoreParCompOri"><abilitato>true</abilitato><dtAbilitato>2020-03-23T08:05:45+01:00</dtAbilitato><dtModificaMac>2020-11-23T10:29:38+01:00</dtModificaMac><dtValoreIniziale>1970-01-02T00:00:00+01:00</dtValoreIniziale><idComp>81</idComp><idParComp>1</idParComp><idValComp>38284</idValComp><valoreIniziale>99</valoreIniziale><valoreVariabile>99</valoreVariabile></daInserire><daInserire xmlns:xsi="http://www.w3.org/2001/XMLSchema-instance" xsi:type="valoreParCompOri"><abilitato>true</abilitato><dtAbilitato>2018-12-19T15:44:59+01:00</dtAbilitato><dtModificaMac>2020-11-23T10:29:39+01:00</dtModificaMac><dtValoreIniziale>1970-01-02T00:00:00+01:00</dtValoreIniziale><idComp>84</idComp><idParComp>1</idParComp><idValComp>39817</idValComp><valoreIniziale>99</valoreIniziale><valoreVariabile>4</valoreVariabile></daInserire><daInserire xmlns:xsi="http://www.w3.org/2001/XMLSchema-instance" xsi:type="valoreParCompOri"><abilitato>true</abilitato><dtAbilitato>2020-01-27T10:57:46+01:00</dtAbilitato><dtModificaMac>2020-11-23T10:31:04+01:00</dtModificaMac><dtValoreIniziale>1970-01-02T00:00:00+01:00</dtValoreIniziale><idComp>86</idComp><idParComp>1</idParComp><idValComp>43914</idValComp><valoreIniziale>99</valoreIniziale><valoreVariabile>2</valoreVariabile></daInserire><daInserire xmlns:xsi="http://www.w3.org/2001/XMLSchema-instance" xsi:type="valoreParCompOri"><abilitato>true</abilitato><dtAbilitato>2019-09-12T07:34:50+02:00</dtAbilitato><dtModificaMac>2020-11-23T10:32:44+01:00</dtModificaMac><dtValoreIniziale>1970-01-02T00:00:00+01:00</dtValoreIniziale><idComp>87</idComp><idParComp>1</idParComp><idValComp>44425</idValComp><valoreIniziale>99</valoreIniziale><valoreVariabile>3</valoreVariabile></daInserire><daInserire xmlns:xsi="http://www.w3.org/2001/XMLSchema-instance" xsi:type="valoreParCompOri"><abilitato>true</abilitato><dtAbilitato>2019-07-29T05:23:09+02:00</dtAbilitato><dtModificaMac>2020-11-23T10:11:23+01:00</dtModificaMac><dtValoreIniziale>1970-01-02T00:00:00+01:00</dtValoreIniziale><idComp>110</idComp><idParComp>1</idParComp><idValComp>50281</idValComp><valoreIniziale>99</valoreIniziale><valoreVariabile>99</valoreVariabile></daInserire><daInserire xmlns:xsi="http://www.w3.org/2001/XMLSchema-instance" xsi:type="valoreParCompOri"><abilitato>true</abilitato><dtAbilitato>2019-07-29T05:23:10+02:00</dtAbilitato><dtModificaMac>2020-11-23T10:31:47+01:00</dtModificaMac><dtValoreIniziale>1970-01-02T00:00:00+01:00</dtValoreIniziale><idComp>109</idComp><idParComp>1</idParComp><idValComp>50288</idValComp><valoreIniziale>99</valoreIniziale><valoreVariabile>99</valoreVariabile></daInserire><daInserire xmlns:xsi="http://www.w3.org/2001/XMLSchema-instance" xsi:type="valoreParCompOri"><abilitato>true</abilitato><dtAbilitato>2019-07-29T05:22:56+02:00</dtAbilitato><dtModificaMac>2020-11-23T10:31:03+01:00</dtModificaMac><dtValoreIniziale>1970-01-02T00:00:00+01:00</dtValoreIniziale><idComp>108</idComp><idParComp>1</idParComp><idValComp>50295</idValComp><valoreIniziale>99</valoreIniziale><valoreVariabile>99</valoreVariabile></daInserire><daInserire xmlns:xsi="http://www.w3.org/2001/XMLSchema-instance" xsi:type="macchinaOri"><abilitato>true</abilitato><codStab>100000059</codStab><descriStab>NAMERA 34 – PVK - EKB</descriStab><dtAbilitato>2015-12-17T08:37:32+01:00</dtAbilitato><ftpPassword>Macchina34_</ftpPassword><ftpUser>macchina34</ftpUser><idMacchina>34</idMacchina><passOrigami>2</passOrigami><passServer></passServer><ragso1>NAMERA 34 – PVK - EKB</ragso1><userOrigami>3</userOrigami><userServer>Origami-5</userServer><zipPassword>macchinaXY_pwd</zipPassword></daInserire><dtAggiornamento>2020-11-24T13:37:42.017+01:00</dtAggiornamento><tipo>OUT</tipo><versione>460</versione></aggiornamentoOri>